image,reviewed
20260515_080706_YPFFJB_007_f001070.jpg,1
20260515_080706_YPFFJB_007_f002985.jpg,1
20260515_080706_YPFFJB_007_f002990.jpg,1
20260515_080706_YPFFJB_007_f002995.jpg,1
20260515_080706_YPFFJB_007_f003000.jpg,1
20260515_080706_YPFFJB_007_f003005.jpg,1
20260515_080706_YPFFJB_007_f003010.jpg,1
20260515_080706_YPFFJB_007_f003015.jpg,1
20260515_080706_YPFFJB_007_f007765.jpg,1
20260515_080706_YPFFJB_007_f007770.jpg,1
20260515_080706_YPFFJB_007_f007775.jpg,1
20260515_080706_YPFFJB_007_f007780.jpg,1
20260515_080706_YPFFJB_007_f007785.jpg,1
20260515_080706_YPFFJB_007_f007790.jpg,1
20260515_080706_YPFFJB_007_f007795.jpg,1
20260515_080706_YPFFJB_007_f007800.jpg,1
20260515_080706_YPFFJB_007_f007805.jpg,1
20260515_080706_YPFFJB_007_f007810.jpg,1
20260515_080706_YPFFJB_007_f007815.jpg,1
20260515_080706_YPFFJB_007_f007820.jpg,1
20260515_080706_YPFFJB_007_f007825.jpg,1
20260515_080706_YPFFJB_007_f007830.jpg,1
20260515_080706_YPFFJB_007_f007835.jpg,1
20260515_080706_YPFFJB_007_f007840.jpg,1
20260515_080706_YPFFJB_007_f007850.jpg,1
20260515_080706_YPFFJB_007_f007855.jpg,1
20260515_080706_YPFFJB_007_f008535.jpg,1
20260515_081443_BUXVDW_011_f000000.jpg,1
20260515_081443_BUXVDW_011_f000025.jpg,1
20260515_081443_BUXVDW_011_f000050.jpg,1
20260515_081443_BUXVDW_011_f000075.jpg,1
20260515_081443_BUXVDW_011_f000100.jpg,1
20260515_081443_BUXVDW_011_f000125.jpg,1
20260515_081443_BUXVDW_011_f000150.jpg,1
20260515_081443_BUXVDW_011_f000175.jpg,1
20260515_081443_BUXVDW_011_f000200.jpg,1
20260515_081443_BUXVDW_011_f000225.jpg,1
20260515_081443_BUXVDW_011_f000250.jpg,1
20260515_081443_BUXVDW_011_f000275.jpg,1
20260515_081443_BUXVDW_011_f000300.jpg,1
20260515_081443_BUXVDW_011_f000325.jpg,1
20260515_081443_BUXVDW_011_f000350.jpg,1
20260515_081443_BUXVDW_011_f000375.jpg,1
20260515_081443_BUXVDW_011_f000400.jpg,1
20260515_081443_BUXVDW_011_f000425.jpg,1
20260515_081443_BUXVDW_011_f000450.jpg,1
20260515_081443_BUXVDW_011_f000475.jpg,1
20260515_081443_BUXVDW_011_f000500.jpg,1
20260515_081443_BUXVDW_011_f000525.jpg,1
20260515_081443_BUXVDW_011_f000550.jpg,1
20260515_081443_BUXVDW_011_f000575.jpg,1
20260515_081443_BUXVDW_011_f000600.jpg,1
20260515_081443_BUXVDW_011_f000625.jpg,1
20260515_081443_BUXVDW_011_f000650.jpg,1
20260515_081443_BUXVDW_011_f000675.jpg,1
20260515_081443_BUXVDW_011_f000700.jpg,1
20260515_081443_BUXVDW_011_f000725.jpg,1
20260515_081443_BUXVDW_011_f000750.jpg,1
20260515_081443_BUXVDW_011_f000775.jpg,1
20260515_081443_BUXVDW_011_f000800.jpg,1
20260515_081443_BUXVDW_011_f000825.jpg,1
20260515_081443_BUXVDW_011_f000850.jpg,1
20260515_081443_BUXVDW_011_f000875.jpg,1
20260515_081443_BUXVDW_011_f000900.jpg,1
20260515_081443_BUXVDW_011_f000925.jpg,1
20260515_081443_BUXVDW_011_f000950.jpg,1
20260515_081443_BUXVDW_011_f000975.jpg,1
20260515_081443_BUXVDW_011_f001000.jpg,1
20260515_081443_BUXVDW_011_f001025.jpg,1
20260515_081443_BUXVDW_011_f001050.jpg,1
20260515_081443_BUXVDW_011_f001075.jpg,1
20260515_081443_BUXVDW_011_f001100.jpg,1
20260515_081443_BUXVDW_011_f001125.jpg,1
20260515_081443_BUXVDW_011_f001150.jpg,1
20260515_081443_BUXVDW_011_f001175.jpg,1
20260515_081443_BUXVDW_011_f001500.jpg,1
20260515_081443_BUXVDW_011_f001625.jpg,1
20260515_081443_BUXVDW_011_f001715.jpg,1
20260515_081443_BUXVDW_011_f001785.jpg,1
20260515_081443_BUXVDW_011_f001810.jpg,1
20260515_081443_BUXVDW_011_f001835.jpg,1
20260515_081443_BUXVDW_011_f002525.jpg,1
20260515_081443_BUXVDW_011_f002605.jpg,1
20260515_081443_BUXVDW_011_f002630.jpg,1
20260515_081443_BUXVDW_011_f002655.jpg,1
20260515_081443_BUXVDW_011_f002680.jpg,1
20260515_081443_BUXVDW_011_f002705.jpg,1
20260515_081443_BUXVDW_011_f002735.jpg,1
20260515_081443_BUXVDW_011_f002760.jpg,1
20260515_081443_BUXVDW_011_f002785.jpg,1
20260515_081443_BUXVDW_011_f002810.jpg,1
20260515_081443_BUXVDW_011_f003790.jpg,1
20260515_081443_BUXVDW_011_f004010.jpg,1
20260515_081443_BUXVDW_011_f004035.jpg,1
20260515_081443_BUXVDW_011_f004070.jpg,1
20260515_081443_BUXVDW_011_f004240.jpg,1
20260515_081443_BUXVDW_011_f004265.jpg,1
20260515_081443_BUXVDW_011_f004290.jpg,1
20260515_081443_BUXVDW_011_f004315.jpg,1
20260515_081443_BUXVDW_011_f004360.jpg,1
20260515_081443_BUXVDW_011_f004510.jpg,1
20260515_081443_BUXVDW_011_f004590.jpg,1
20260515_081443_BUXVDW_011_f004620.jpg,1
20260515_081443_BUXVDW_011_f004650.jpg,1
20260515_081443_BUXVDW_011_f004795.jpg,1
20260515_081443_BUXVDW_011_f004820.jpg,1
20260515_081443_BUXVDW_011_f004845.jpg,1
20260515_081443_BUXVDW_011_f004870.jpg,1
20260515_081443_BUXVDW_011_f004895.jpg,1
20260515_081443_BUXVDW_011_f004920.jpg,1
20260515_081443_BUXVDW_011_f005145.jpg,1
20260515_081443_BUXVDW_011_f005185.jpg,1
20260515_081443_BUXVDW_011_f005370.jpg,1
20260515_081443_BUXVDW_011_f005395.jpg,1
20260515_081443_BUXVDW_011_f005420.jpg,1
20260515_081443_BUXVDW_011_f005445.jpg,1
20260515_081443_BUXVDW_011_f005470.jpg,1
20260515_081443_BUXVDW_011_f005640.jpg,1
20260515_081443_BUXVDW_011_f005670.jpg,1
20260515_081443_BUXVDW_011_f005745.jpg,1
20260515_081443_BUXVDW_011_f005770.jpg,1
20260515_081443_BUXVDW_011_f005795.jpg,1
20260515_081443_BUXVDW_011_f006955.jpg,1
20260515_081443_BUXVDW_011_f007055.jpg,1
20260515_081443_BUXVDW_011_f007080.jpg,1
20260515_081443_BUXVDW_011_f007105.jpg,1
20260515_081443_BUXVDW_011_f007145.jpg,1
20260515_081443_BUXVDW_011_f007190.jpg,1
20260515_081443_BUXVDW_011_f007740.jpg,1
20260515_081443_BUXVDW_011_f007765.jpg,1
20260515_081443_BUXVDW_011_f007790.jpg,1
20260515_081443_BUXVDW_011_f008135.jpg,1
20260515_081443_BUXVDW_011_f008160.jpg,1
20260515_081443_BUXVDW_011_f008185.jpg,1
20260515_081443_BUXVDW_011_f008210.jpg,1
20260515_081443_BUXVDW_011_f008235.jpg,1
20260515_081443_BUXVDW_011_f008260.jpg,1
20260515_081443_BUXVDW_011_f009500.jpg,1
20260515_081443_BUXVDW_011_f009525.jpg,1
20260515_081443_BUXVDW_011_f009550.jpg,1
20260515_081443_BUXVDW_011_f009600.jpg,1
20260515_081443_BUXVDW_011_f009635.jpg,1
20260515_081443_BUXVDW_011_f009660.jpg,1
20260515_081443_BUXVDW_011_f009685.jpg,1
20260515_081443_BUXVDW_011_f009710.jpg,1
20260515_081443_BUXVDW_011_f009735.jpg,1
20260515_081443_BUXVDW_011_f009760.jpg,1
20260515_081812_ANKVQE_002_f000000.jpg,1
20260515_081812_ANKVQE_002_f000090.jpg,1
20260515_081812_ANKVQE_002_f000180.jpg,1
20260515_081812_ANKVQE_002_f000270.jpg,1
20260515_081812_ANKVQE_002_f000360.jpg,1
20260515_081812_ANKVQE_002_f000450.jpg,1
20260515_081812_ANKVQE_002_f000540.jpg,1
20260515_081812_ANKVQE_002_f000630.jpg,1
20260515_081812_ANKVQE_002_f000720.jpg,1
20260515_081812_ANKVQE_002_f000810.jpg,1
20260515_081812_ANKVQE_002_f000900.jpg,1
20260515_081812_ANKVQE_002_f000990.jpg,1
20260515_081812_ANKVQE_002_f001080.jpg,1
20260515_081812_ANKVQE_002_f001170.jpg,1
20260515_081812_ANKVQE_002_f001260.jpg,1
20260515_081812_ANKVQE_002_f001350.jpg,1
20260515_081812_ANKVQE_002_f001440.jpg,1
20260515_081812_ANKVQE_002_f001530.jpg,1
20260515_081812_ANKVQE_002_f001620.jpg,1
20260515_081812_ANKVQE_002_f001710.jpg,1
20260515_081812_ANKVQE_002_f001800.jpg,1
20260515_081812_ANKVQE_002_f001890.jpg,1
20260515_081812_ANKVQE_002_f001980.jpg,1
20260515_081812_ANKVQE_002_f002070.jpg,1
20260515_081812_ANKVQE_002_f002160.jpg,1
20260515_081812_ANKVQE_002_f002250.jpg,1
20260515_081812_ANKVQE_002_f002340.jpg,1
20260515_081812_ANKVQE_002_f002430.jpg,1
20260515_081812_ANKVQE_002_f002520.jpg,1
20260515_081812_ANKVQE_002_f002610.jpg,1
20260515_081812_ANKVQE_002_f002700.jpg,1
20260515_081812_ANKVQE_002_f002790.jpg,1
20260515_081812_ANKVQE_002_f002880.jpg,1
20260515_081812_ANKVQE_002_f002970.jpg,1
20260515_081812_ANKVQE_002_f003060.jpg,1
20260515_081812_ANKVQE_002_f003150.jpg,1
20260515_081812_ANKVQE_002_f003240.jpg,1
20260515_081812_ANKVQE_002_f003330.jpg,1
20260515_081812_ANKVQE_002_f003420.jpg,1
20260515_081812_ANKVQE_002_f003510.jpg,1
20260515_081812_ANKVQE_002_f003600.jpg,1
20260515_081812_ANKVQE_002_f003690.jpg,1
20260515_081812_ANKVQE_002_f003780.jpg,1
20260515_081812_ANKVQE_002_f003870.jpg,1
20260515_081812_ANKVQE_002_f003960.jpg,1
20260515_081812_ANKVQE_002_f004050.jpg,1
20260515_081812_ANKVQE_002_f004140.jpg,1
20260515_081812_ANKVQE_002_f004230.jpg,1
20260515_081812_ANKVQE_002_f004320.jpg,1
20260515_081812_ANKVQE_002_f004410.jpg,1
20260515_081812_ANKVQE_002_f004500.jpg,1
20260515_081812_ANKVQE_002_f004590.jpg,1
20260515_081812_ANKVQE_002_f004680.jpg,1
20260515_081812_ANKVQE_002_f004770.jpg,1
20260515_081812_ANKVQE_002_f004860.jpg,1
20260515_081812_ANKVQE_002_f004950.jpg,1
20260515_081812_ANKVQE_002_f005040.jpg,1
20260515_081812_ANKVQE_002_f005130.jpg,1
20260515_081812_ANKVQE_002_f005220.jpg,1
20260515_081812_ANKVQE_002_f005310.jpg,1
20260515_081812_ANKVQE_002_f005400.jpg,1
20260515_081812_ANKVQE_002_f005490.jpg,1
20260515_081812_ANKVQE_002_f005580.jpg,1
20260515_081812_ANKVQE_002_f005670.jpg,1
20260515_081812_ANKVQE_002_f005760.jpg,1
20260515_081812_ANKVQE_002_f005850.jpg,1
20260515_081812_ANKVQE_002_f005940.jpg,1
20260515_081812_ANKVQE_002_f006030.jpg,1
20260515_081812_ANKVQE_002_f006120.jpg,1
20260515_081812_ANKVQE_002_f006210.jpg,1
20260515_081812_ANKVQE_002_f006300.jpg,1
20260515_081812_ANKVQE_002_f006390.jpg,1
20260515_081812_ANKVQE_002_f006480.jpg,1
20260515_081812_ANKVQE_002_f006570.jpg,1
20260515_081812_ANKVQE_002_f006660.jpg,1
20260515_081812_ANKVQE_002_f006750.jpg,1
20260515_081812_ANKVQE_002_f006840.jpg,1
20260515_081812_ANKVQE_002_f006930.jpg,1
20260515_081812_ANKVQE_002_f007020.jpg,1
20260515_081812_ANKVQE_002_f007110.jpg,1
20260515_081812_ANKVQE_002_f007200.jpg,1
20260515_081812_ANKVQE_002_f007290.jpg,1
20260515_081812_ANKVQE_002_f007380.jpg,1
20260515_081812_ANKVQE_002_f007470.jpg,1
20260515_081812_ANKVQE_002_f007560.jpg,1
20260515_081812_ANKVQE_002_f007650.jpg,1
20260515_081812_ANKVQE_002_f007740.jpg,1
20260515_081812_ANKVQE_002_f007830.jpg,1
20260515_081812_ANKVQE_002_f007920.jpg,1
20260515_081812_ANKVQE_002_f008010.jpg,1
20260515_081812_ANKVQE_002_f008100.jpg,1
20260515_081812_ANKVQE_002_f008190.jpg,1
20260515_081812_ANKVQE_002_f008280.jpg,1
20260515_081812_ANKVQE_002_f008370.jpg,1
20260515_081812_ANKVQE_002_f008460.jpg,1
20260515_081812_ANKVQE_002_f008550.jpg,1
20260515_081812_ANKVQE_002_f008640.jpg,1
20260515_081812_ANKVQE_002_f008730.jpg,1
20260515_081812_ANKVQE_002_f008820.jpg,1
20260515_081812_ANKVQE_002_f008910.jpg,1
20260515_081812_ANKVQE_002_f009115.jpg,1
20260515_081812_ANKVQE_002_f009205.jpg,1
20260515_081812_ANKVQE_002_f009295.jpg,1
20260515_081812_ANKVQE_002_f009385.jpg,1
20260515_081812_ANKVQE_002_f009475.jpg,1
20260515_081812_ANKVQE_002_f009565.jpg,1
20260515_081812_ANKVQE_002_f009655.jpg,1
20260515_081812_ANKVQE_002_f009745.jpg,1
20260515_081812_ANKVQE_002_f009835.jpg,1
20260515_081812_ANKVQE_002_f009925.jpg,1
20260515_081812_ANKVQE_002_f010045.jpg,1
20260515_081812_ANKVQE_002_f010135.jpg,1
20260515_081812_ANKVQE_002_f010225.jpg,1
20260515_081812_ANKVQE_002_f010315.jpg,1
20260515_081812_ANKVQE_002_f010405.jpg,1
20260515_081812_ANKVQE_002_f010655.jpg,1
20260515_081812_ANKVQE_002_f010745.jpg,1
20260515_081812_ANKVQE_002_f010835.jpg,1
20260515_081812_ANKVQE_002_f010925.jpg,1
20260515_081812_ANKVQE_002_f011015.jpg,1
20260525_003136_UEAUME_018_f000000.jpg,1
20260525_003136_UEAUME_018_f000090.jpg,1
20260525_003136_UEAUME_018_f000180.jpg,1
20260525_003136_UEAUME_018_f000270.jpg,1
20260525_003136_UEAUME_018_f000360.jpg,1
20260525_003136_UEAUME_018_f000450.jpg,1
20260525_003136_UEAUME_018_f000540.jpg,1
20260525_003136_UEAUME_018_f000630.jpg,1
20260525_003136_UEAUME_018_f000720.jpg,1
20260525_003136_UEAUME_018_f000810.jpg,1
20260525_003136_UEAUME_018_f000900.jpg,1
20260525_003136_UEAUME_018_f000990.jpg,1
20260525_003136_UEAUME_018_f001080.jpg,1
20260525_003136_UEAUME_018_f001170.jpg,1
20260525_003136_UEAUME_018_f001260.jpg,1
20260525_003136_UEAUME_018_f001350.jpg,1
20260525_003136_UEAUME_018_f001540.jpg,1
20260525_003136_UEAUME_018_f001635.jpg,1
20260525_003136_UEAUME_018_f001730.jpg,1
20260525_003136_UEAUME_018_f001820.jpg,1
20260525_003136_UEAUME_018_f001910.jpg,1
20260525_003136_UEAUME_018_f002000.jpg,1
20260525_003136_UEAUME_018_f002090.jpg,1
20260525_003136_UEAUME_018_f002190.jpg,1
20260525_003136_UEAUME_018_f002290.jpg,1
20260525_003136_UEAUME_018_f002380.jpg,1
20260525_003136_UEAUME_018_f002470.jpg,1
20260525_003136_UEAUME_018_f002560.jpg,1
20260525_003136_UEAUME_018_f002650.jpg,1
20260525_003136_UEAUME_018_f002740.jpg,1
20260525_003136_UEAUME_018_f002830.jpg,1
20260525_003136_UEAUME_018_f002920.jpg,1
20260525_003136_UEAUME_018_f003010.jpg,1
20260525_003136_UEAUME_018_f003100.jpg,1
20260525_003136_UEAUME_018_f003190.jpg,1
20260525_003136_UEAUME_018_f003285.jpg,1
20260525_003136_UEAUME_018_f003375.jpg,1
20260525_003136_UEAUME_018_f003465.jpg,1
20260525_003136_UEAUME_018_f003555.jpg,1
20260525_003136_UEAUME_018_f003645.jpg,1
20260525_003136_UEAUME_018_f003735.jpg,1
20260525_003136_UEAUME_018_f003825.jpg,1
20260525_003136_UEAUME_018_f003915.jpg,1
20260525_003136_UEAUME_018_f004005.jpg,1
20260525_003136_UEAUME_018_f004095.jpg,1
20260525_003136_UEAUME_018_f004185.jpg,1
20260525_003136_UEAUME_018_f004275.jpg,1
20260525_003136_UEAUME_018_f004365.jpg,1
20260525_003136_UEAUME_018_f004455.jpg,1
20260525_003136_UEAUME_018_f004545.jpg,1
20260525_003136_UEAUME_018_f004635.jpg,1
20260525_003136_UEAUME_018_f004725.jpg,1
20260525_003136_UEAUME_018_f004815.jpg,1
20260525_003136_UEAUME_018_f004905.jpg,1
20260525_003136_UEAUME_018_f004995.jpg,1
20260525_003136_UEAUME_018_f005085.jpg,1
20260525_003136_UEAUME_018_f005175.jpg,1
20260525_003136_UEAUME_018_f005265.jpg,1
20260525_003136_UEAUME_018_f005355.jpg,1
20260525_003136_UEAUME_018_f005445.jpg,1
20260525_003136_UEAUME_018_f005535.jpg,1
20260525_003136_UEAUME_018_f005625.jpg,1
20260525_003136_UEAUME_018_f005715.jpg,1
20260525_003136_UEAUME_018_f005805.jpg,1
20260525_003136_UEAUME_018_f005895.jpg,1
20260525_003136_UEAUME_018_f005985.jpg,1
20260525_003136_UEAUME_018_f006075.jpg,1
20260525_003136_UEAUME_018_f006165.jpg,1
20260525_003136_UEAUME_018_f006255.jpg,1
20260525_003136_UEAUME_018_f006345.jpg,1
20260525_003136_UEAUME_018_f006435.jpg,1
20260525_003136_UEAUME_018_f006525.jpg,1
20260525_003136_UEAUME_018_f006615.jpg,1
20260525_003136_UEAUME_018_f006705.jpg,1
20260525_003136_UEAUME_018_f006795.jpg,1
20260525_003136_UEAUME_018_f006885.jpg,1
20260525_003136_UEAUME_018_f006975.jpg,1
20260525_003136_UEAUME_018_f007065.jpg,1
20260525_003136_UEAUME_018_f007155.jpg,1
20260525_003136_UEAUME_018_f007245.jpg,1
20260525_003136_UEAUME_018_f007335.jpg,1
20260525_003136_UEAUME_018_f007425.jpg,1
20260525_003136_UEAUME_018_f007515.jpg,1
20260525_003136_UEAUME_018_f007605.jpg,1
20260525_003136_UEAUME_018_f007695.jpg,1
20260525_003136_UEAUME_018_f007785.jpg,1
20260525_003136_UEAUME_018_f007875.jpg,1
20260525_003136_UEAUME_018_f007965.jpg,1
20260525_003136_UEAUME_018_f008055.jpg,1
20260525_003136_UEAUME_018_f008145.jpg,1
20260525_003136_UEAUME_018_f008235.jpg,1
20260525_003136_UEAUME_018_f008325.jpg,1
20260525_003136_UEAUME_018_f008415.jpg,1
20260525_003136_UEAUME_018_f008505.jpg,1
20260525_003136_UEAUME_018_f008595.jpg,1
20260525_003136_UEAUME_018_f008685.jpg,1
20260525_003136_UEAUME_018_f008775.jpg,1
20260525_003136_UEAUME_018_f008865.jpg,1
20260525_003136_UEAUME_018_f008960.jpg,1
20260525_003136_UEAUME_018_f009050.jpg,1
20260525_003136_UEAUME_018_f009140.jpg,1
20260525_003136_UEAUME_018_f009230.jpg,1
20260525_003136_UEAUME_018_f009320.jpg,1
20260525_003136_UEAUME_018_f009410.jpg,1
20260525_003136_UEAUME_018_f009500.jpg,1
20260525_003136_UEAUME_018_f009590.jpg,1
20260525_003136_UEAUME_018_f009680.jpg,1
20260525_003136_UEAUME_018_f009770.jpg,1
20260525_003136_UEAUME_018_f009860.jpg,1
20260525_003136_UEAUME_018_f009950.jpg,1
20260525_003136_UEAUME_018_f010040.jpg,1
20260525_003136_UEAUME_018_f010130.jpg,1
20260525_003136_UEAUME_018_f010220.jpg,1
20260525_003136_UEAUME_018_f010310.jpg,1
20260525_003136_UEAUME_018_f010400.jpg,1
20260525_003136_UEAUME_018_f010490.jpg,1
20260525_003136_UEAUME_018_f010580.jpg,1
20260525_003136_UEAUME_018_f010670.jpg,1
20260525_003136_UEAUME_018_f010760.jpg,1
20260525_003136_UEAUME_018_f010850.jpg,1
20260525_070046_WKKNGQ_007_f000060.jpg,1
20260525_070046_WKKNGQ_007_f000065.jpg,1
20260525_070046_WKKNGQ_007_f000070.jpg,1
20260525_070046_WKKNGQ_007_f000075.jpg,1
20260525_070046_WKKNGQ_007_f000080.jpg,1
20260525_070046_WKKNGQ_007_f000085.jpg,1
20260525_070046_WKKNGQ_007_f000090.jpg,1
20260525_070046_WKKNGQ_007_f000095.jpg,1
20260525_070046_WKKNGQ_007_f000100.jpg,1
20260525_070046_WKKNGQ_007_f000105.jpg,1
20260525_070046_WKKNGQ_007_f000110.jpg,1
20260525_070046_WKKNGQ_007_f000115.jpg,1
20260525_070046_WKKNGQ_007_f001555.jpg,1
20260525_070046_WKKNGQ_007_f001560.jpg,1
20260525_070046_WKKNGQ_007_f001565.jpg,1
20260525_070046_WKKNGQ_007_f001570.jpg,1
20260525_070046_WKKNGQ_007_f001690.jpg,1
20260525_070046_WKKNGQ_007_f001695.jpg,1
20260525_070046_WKKNGQ_007_f001700.jpg,1
20260525_070046_WKKNGQ_007_f001705.jpg,1
20260525_070046_WKKNGQ_007_f001710.jpg,1
20260525_070046_WKKNGQ_007_f001715.jpg,1
20260525_070046_WKKNGQ_007_f001720.jpg,1
20260525_070046_WKKNGQ_007_f001725.jpg,1
20260525_070046_WKKNGQ_007_f001730.jpg,1
20260525_070046_WKKNGQ_007_f001735.jpg,1
20260525_070046_WKKNGQ_007_f001740.jpg,1
20260525_070046_WKKNGQ_007_f001770.jpg,1
20260525_070046_WKKNGQ_007_f001775.jpg,1
20260525_070046_WKKNGQ_007_f001780.jpg,1
20260525_070046_WKKNGQ_007_f001785.jpg,1
20260525_070046_WKKNGQ_007_f001790.jpg,1
20260525_070046_WKKNGQ_007_f001795.jpg,1
20260525_070046_WKKNGQ_007_f001800.jpg,1
20260525_070046_WKKNGQ_007_f001805.jpg,1
20260525_070046_WKKNGQ_007_f001810.jpg,1
20260525_070046_WKKNGQ_007_f001815.jpg,1
20260525_070046_WKKNGQ_007_f001825.jpg,1
20260525_070046_WKKNGQ_007_f001830.jpg,1
20260525_070046_WKKNGQ_007_f001835.jpg,1
20260525_070046_WKKNGQ_007_f001840.jpg,1
20260525_070046_WKKNGQ_007_f001845.jpg,1
20260525_070046_WKKNGQ_007_f001850.jpg,1
20260525_070046_WKKNGQ_007_f002625.jpg,1
20260525_070046_WKKNGQ_007_f002630.jpg,1
20260525_070046_WKKNGQ_007_f002635.jpg,1
20260525_070046_WKKNGQ_007_f002640.jpg,1
20260525_070046_WKKNGQ_007_f002645.jpg,1
20260525_070046_WKKNGQ_007_f002650.jpg,1
20260525_070046_WKKNGQ_007_f002730.jpg,1
20260525_070046_WKKNGQ_007_f003120.jpg,1
20260525_070046_WKKNGQ_007_f005035.jpg,1
20260525_070046_WKKNGQ_007_f005050.jpg,1
20260525_070046_WKKNGQ_007_f005055.jpg,1
20260525_070046_WKKNGQ_007_f005060.jpg,1
20260525_070046_WKKNGQ_007_f005065.jpg,1
20260525_070046_WKKNGQ_007_f005105.jpg,1
20260525_070046_WKKNGQ_007_f005110.jpg,1
20260525_070046_WKKNGQ_007_f005115.jpg,1
20260525_070046_WKKNGQ_007_f005120.jpg,1
20260525_070046_WKKNGQ_007_f005225.jpg,1
20260525_070046_WKKNGQ_007_f005230.jpg,1
20260525_070046_WKKNGQ_007_f005235.jpg,1
20260525_070046_WKKNGQ_007_f005240.jpg,1
20260525_070046_WKKNGQ_007_f005245.jpg,1
20260525_070046_WKKNGQ_007_f005250.jpg,1
20260525_070046_WKKNGQ_007_f005255.jpg,1
20260525_070046_WKKNGQ_007_f005260.jpg,1
20260525_070046_WKKNGQ_007_f005265.jpg,1
20260525_070046_WKKNGQ_007_f005270.jpg,1
20260525_070046_WKKNGQ_007_f005275.jpg,1
20260525_070046_WKKNGQ_007_f005280.jpg,1
20260525_070046_WKKNGQ_007_f005285.jpg,1
20260525_070046_WKKNGQ_007_f005290.jpg,1
20260525_070046_WKKNGQ_007_f005295.jpg,1
20260525_070046_WKKNGQ_007_f007505.jpg,1
20260525_070046_WKKNGQ_007_f007645.jpg,1
20260525_070046_WKKNGQ_007_f007660.jpg,1
20260525_070046_WKKNGQ_007_f007665.jpg,1
20260525_070046_WKKNGQ_007_f007670.jpg,1
20260525_070046_WKKNGQ_007_f007720.jpg,1
20260525_070046_WKKNGQ_007_f007845.jpg,1
20260525_070046_WKKNGQ_007_f007850.jpg,1
20260525_070046_WKKNGQ_007_f007855.jpg,1
20260525_070046_WKKNGQ_007_f007860.jpg,1
20260525_070046_WKKNGQ_007_f007865.jpg,1
20260525_070046_WKKNGQ_007_f007870.jpg,1
20260525_070046_WKKNGQ_007_f007875.jpg,1
20260525_070046_WKKNGQ_007_f007885.jpg,1
20260525_070046_WKKNGQ_007_f007890.jpg,1
20260525_070046_WKKNGQ_007_f007895.jpg,1
20260525_070046_WKKNGQ_007_f007900.jpg,1
20260525_070046_WKKNGQ_007_f007905.jpg,1
20260525_070046_WKKNGQ_007_f007910.jpg,1
20260525_070046_WKKNGQ_007_f007915.jpg,1
20260525_070046_WKKNGQ_007_f007920.jpg,1
20260525_070046_WKKNGQ_007_f007925.jpg,1
20260525_070046_WKKNGQ_007_f007930.jpg,1
20260525_070046_WKKNGQ_007_f007935.jpg,1
20260525_070046_WKKNGQ_007_f007940.jpg,1
20260525_070046_WKKNGQ_007_f007945.jpg,1
20260525_070046_WKKNGQ_007_f007950.jpg,1
20260525_070046_WKKNGQ_007_f007955.jpg,1
20260525_070046_WKKNGQ_007_f007960.jpg,1
20260525_070046_WKKNGQ_007_f007965.jpg,1
20260525_070046_WKKNGQ_007_f007970.jpg,1
20260525_070046_WKKNGQ_007_f007975.jpg,1
20260525_070046_WKKNGQ_007_f007980.jpg,1
20260525_070046_WKKNGQ_007_f007985.jpg,1
20260525_070046_WKKNGQ_007_f007990.jpg,1
20260525_070046_WKKNGQ_007_f007995.jpg,1
20260525_070046_WKKNGQ_007_f008000.jpg,1
20260525_070046_WKKNGQ_007_f008005.jpg,1
20260525_070046_WKKNGQ_007_f008010.jpg,1
20260525_070046_WKKNGQ_007_f008015.jpg,1
20260525_070046_WKKNGQ_007_f008020.jpg,1
20260525_070046_WKKNGQ_007_f008025.jpg,1
20260525_070046_WKKNGQ_007_f008030.jpg,1
20260525_070046_WKKNGQ_007_f008035.jpg,1
20260525_070046_WKKNGQ_007_f008040.jpg,1
20260527_053115_CAHMSV_006_f000000.jpg,1
20260527_053115_CAHMSV_006_f000090.jpg,1
20260527_053115_CAHMSV_006_f000180.jpg,1
20260527_053115_CAHMSV_006_f000270.jpg,1
20260527_053115_CAHMSV_006_f000360.jpg,1
20260527_053115_CAHMSV_006_f000450.jpg,1
20260527_053115_CAHMSV_006_f000540.jpg,1
20260527_053115_CAHMSV_006_f000630.jpg,1
20260527_053115_CAHMSV_006_f000720.jpg,1
20260527_053115_CAHMSV_006_f000810.jpg,1
20260527_053115_CAHMSV_006_f000900.jpg,1
20260527_053115_CAHMSV_006_f000990.jpg,1
20260527_053115_CAHMSV_006_f001080.jpg,1
20260527_053115_CAHMSV_006_f001170.jpg,1
20260527_053115_CAHMSV_006_f001260.jpg,1
20260527_053115_CAHMSV_006_f001350.jpg,1
20260527_053115_CAHMSV_006_f001440.jpg,1
20260527_053115_CAHMSV_006_f001530.jpg,1
20260527_053115_CAHMSV_006_f001620.jpg,1
20260527_053115_CAHMSV_006_f001710.jpg,1
20260527_053115_CAHMSV_006_f001800.jpg,1
20260527_053115_CAHMSV_006_f001890.jpg,1
20260527_053115_CAHMSV_006_f001980.jpg,1
20260527_053115_CAHMSV_006_f002070.jpg,1
20260527_053115_CAHMSV_006_f002160.jpg,1
20260527_053115_CAHMSV_006_f002250.jpg,1
20260527_053115_CAHMSV_006_f002340.jpg,1
20260527_053115_CAHMSV_006_f002430.jpg,1
20260527_053115_CAHMSV_006_f002520.jpg,1
20260527_053115_CAHMSV_006_f002610.jpg,1
20260527_053115_CAHMSV_006_f002700.jpg,1
20260527_053115_CAHMSV_006_f002790.jpg,1
20260527_053115_CAHMSV_006_f002880.jpg,1
20260527_053115_CAHMSV_006_f002970.jpg,1
20260527_053115_CAHMSV_006_f003060.jpg,1
20260527_053115_CAHMSV_006_f003150.jpg,1
20260527_053115_CAHMSV_006_f003240.jpg,1
20260527_053115_CAHMSV_006_f003330.jpg,1
20260527_053115_CAHMSV_006_f003420.jpg,1
20260527_053115_CAHMSV_006_f003510.jpg,1
20260527_053115_CAHMSV_006_f003600.jpg,1
20260527_053115_CAHMSV_006_f003690.jpg,1
20260527_053115_CAHMSV_006_f003780.jpg,1
20260527_053115_CAHMSV_006_f003870.jpg,1
20260527_053115_CAHMSV_006_f003960.jpg,1
20260527_053115_CAHMSV_006_f004050.jpg,1
20260527_053115_CAHMSV_006_f004140.jpg,1
20260527_053115_CAHMSV_006_f004230.jpg,1
20260527_053115_CAHMSV_006_f004320.jpg,1
20260527_053115_CAHMSV_006_f004410.jpg,1
20260527_053115_CAHMSV_006_f004500.jpg,1
20260527_053115_CAHMSV_006_f004590.jpg,1
20260527_053115_CAHMSV_006_f004680.jpg,1
20260527_053115_CAHMSV_006_f004770.jpg,1
20260527_053115_CAHMSV_006_f004860.jpg,1
20260527_053115_CAHMSV_006_f004950.jpg,1
20260527_053115_CAHMSV_006_f005040.jpg,1
20260527_053115_CAHMSV_006_f005130.jpg,1
20260527_053115_CAHMSV_006_f005220.jpg,1
20260527_053115_CAHMSV_006_f005310.jpg,1
20260527_053115_CAHMSV_006_f005400.jpg,1
20260527_053115_CAHMSV_006_f005490.jpg,1
20260527_053115_CAHMSV_006_f005580.jpg,1
20260527_053115_CAHMSV_006_f005670.jpg,1
20260527_053115_CAHMSV_006_f005760.jpg,1
20260527_053115_CAHMSV_006_f005850.jpg,1
20260527_053115_CAHMSV_006_f005940.jpg,1
20260527_053115_CAHMSV_006_f006030.jpg,1
20260527_053115_CAHMSV_006_f006120.jpg,1
20260527_053115_CAHMSV_006_f006210.jpg,1
20260527_053115_CAHMSV_006_f006300.jpg,1
20260527_053115_CAHMSV_006_f006390.jpg,1
20260527_053115_CAHMSV_006_f006480.jpg,1
20260527_053115_CAHMSV_006_f006570.jpg,1
20260527_053115_CAHMSV_006_f006660.jpg,1
20260527_053115_CAHMSV_006_f006750.jpg,1
20260527_053115_CAHMSV_006_f006840.jpg,1
20260527_053115_CAHMSV_006_f006930.jpg,1
20260527_053115_CAHMSV_006_f007020.jpg,1
20260527_053115_CAHMSV_006_f007110.jpg,1
20260527_053115_CAHMSV_006_f007200.jpg,1
20260527_053115_CAHMSV_006_f007290.jpg,1
20260527_053115_CAHMSV_006_f007380.jpg,1
20260527_053115_CAHMSV_006_f007470.jpg,1
20260527_053115_CAHMSV_006_f007560.jpg,1
20260527_053115_CAHMSV_006_f007650.jpg,1
20260527_053115_CAHMSV_006_f007740.jpg,1
20260527_053115_CAHMSV_006_f007830.jpg,1
20260527_053115_CAHMSV_006_f007920.jpg,1
20260527_053115_CAHMSV_006_f008010.jpg,1
20260527_053115_CAHMSV_006_f008100.jpg,1
20260527_053115_CAHMSV_006_f008190.jpg,1
20260527_053115_CAHMSV_006_f008280.jpg,1
20260527_053115_CAHMSV_006_f008370.jpg,1
20260527_053115_CAHMSV_006_f008460.jpg,1
20260527_053115_CAHMSV_006_f008550.jpg,1
20260527_053115_CAHMSV_006_f008640.jpg,1
20260527_053115_CAHMSV_006_f008730.jpg,1
20260527_053115_CAHMSV_006_f008820.jpg,1
20260527_053115_CAHMSV_006_f008910.jpg,1
20260527_053115_CAHMSV_006_f009000.jpg,1
20260527_053115_CAHMSV_006_f009090.jpg,1
20260527_053115_CAHMSV_006_f009180.jpg,1
20260527_053115_CAHMSV_006_f009270.jpg,1
20260527_053115_CAHMSV_006_f009360.jpg,1
20260527_053115_CAHMSV_006_f009450.jpg,1
20260527_053115_CAHMSV_006_f009540.jpg,1
20260527_053115_CAHMSV_006_f009630.jpg,1
20260527_053115_CAHMSV_006_f009720.jpg,1
20260527_053115_CAHMSV_006_f009810.jpg,1
20260527_053115_CAHMSV_006_f009900.jpg,1
20260527_053115_CAHMSV_006_f009990.jpg,1
20260527_053115_CAHMSV_006_f010080.jpg,1
20260527_053115_CAHMSV_006_f010170.jpg,1
20260527_053115_CAHMSV_006_f010260.jpg,1
20260527_053115_CAHMSV_006_f010350.jpg,1
20260527_053115_CAHMSV_006_f010440.jpg,1
20260527_053115_CAHMSV_006_f010530.jpg,1
20260527_053115_CAHMSV_006_f010620.jpg,1
20260527_053115_CAHMSV_006_f010710.jpg,1
20260527_080636_VVMVWX_001_f000000.jpg,1
20260527_080636_VVMVWX_001_f000010.jpg,1
20260527_080636_VVMVWX_001_f000020.jpg,1
20260527_080636_VVMVWX_001_f000030.jpg,1
20260527_080636_VVMVWX_001_f000040.jpg,1
20260527_080636_VVMVWX_001_f000050.jpg,1
20260527_080636_VVMVWX_001_f000060.jpg,1
20260527_080636_VVMVWX_001_f000070.jpg,1
20260527_080636_VVMVWX_001_f000080.jpg,1
20260527_080636_VVMVWX_001_f000090.jpg,1
20260527_080636_VVMVWX_001_f000100.jpg,1
20260527_080636_VVMVWX_001_f000110.jpg,1
20260527_080636_VVMVWX_001_f000120.jpg,1
20260527_080636_VVMVWX_001_f000130.jpg,1
20260527_080636_VVMVWX_001_f000140.jpg,1
20260527_080636_VVMVWX_001_f000150.jpg,1
20260527_080636_VVMVWX_001_f000160.jpg,1
20260527_080636_VVMVWX_001_f000180.jpg,1
20260527_080636_VVMVWX_001_f000190.jpg,1
20260527_080636_VVMVWX_001_f000200.jpg,1
20260527_080636_VVMVWX_001_f000210.jpg,1
20260527_080636_VVMVWX_001_f000220.jpg,1
20260527_080636_VVMVWX_001_f000230.jpg,1
20260527_080636_VVMVWX_001_f000240.jpg,1
20260527_080636_VVMVWX_001_f000250.jpg,1
20260527_080636_VVMVWX_001_f000260.jpg,1
20260527_080636_VVMVWX_001_f000270.jpg,1
20260527_080636_VVMVWX_001_f000280.jpg,1
20260527_080636_VVMVWX_001_f000290.jpg,1
20260527_080636_VVMVWX_001_f000300.jpg,1
20260527_080636_VVMVWX_001_f000310.jpg,1
20260527_080636_VVMVWX_001_f000320.jpg,1
20260527_080636_VVMVWX_001_f000330.jpg,1
20260527_080636_VVMVWX_001_f000340.jpg,1
20260527_080636_VVMVWX_001_f000350.jpg,1
20260527_080636_VVMVWX_001_f000360.jpg,1
20260527_080636_VVMVWX_001_f000370.jpg,1
20260527_080636_VVMVWX_001_f000380.jpg,1
20260527_080636_VVMVWX_001_f000400.jpg,1
20260527_080636_VVMVWX_001_f000410.jpg,1
20260527_080636_VVMVWX_001_f000420.jpg,1
20260527_080636_VVMVWX_001_f000430.jpg,1
20260527_080636_VVMVWX_001_f000440.jpg,1
20260527_080636_VVMVWX_001_f000450.jpg,1
20260527_080636_VVMVWX_001_f006415.jpg,1
20260527_080636_VVMVWX_001_f006425.jpg,1
20260527_080636_VVMVWX_001_f006590.jpg,1
20260527_080636_VVMVWX_001_f006600.jpg,1
20260527_080636_VVMVWX_001_f006610.jpg,1
20260527_080636_VVMVWX_001_f006620.jpg,1
20260527_080636_VVMVWX_001_f006630.jpg,1
20260527_080636_VVMVWX_001_f006645.jpg,1
20260527_080636_VVMVWX_001_f006655.jpg,1
20260527_080636_VVMVWX_001_f006665.jpg,1
20260527_080636_VVMVWX_001_f006675.jpg,1
20260527_080636_VVMVWX_001_f006685.jpg,1
20260527_080636_VVMVWX_001_f006695.jpg,1
20260527_080636_VVMVWX_001_f007195.jpg,1
20260527_080636_VVMVWX_001_f007210.jpg,1
20260527_080636_VVMVWX_001_f007220.jpg,1
20260527_080636_VVMVWX_001_f007700.jpg,1
20260527_080636_VVMVWX_001_f007710.jpg,1
20260527_080636_VVMVWX_001_f007720.jpg,1
20260527_080636_VVMVWX_001_f007730.jpg,1
20260527_080636_VVMVWX_001_f007745.jpg,1
20260527_080636_VVMVWX_001_f008035.jpg,1
20260527_080636_VVMVWX_001_f008045.jpg,1
20260527_080636_VVMVWX_001_f008060.jpg,1
20260527_080636_VVMVWX_001_f008280.jpg,1
20260527_080636_VVMVWX_001_f008290.jpg,1
20260527_080636_VVMVWX_001_f008300.jpg,1
20260527_080636_VVMVWX_001_f008310.jpg,1
20260527_080636_VVMVWX_001_f008320.jpg,1
20260527_080636_VVMVWX_001_f008330.jpg,1
20260527_080636_VVMVWX_001_f008340.jpg,1
20260527_080636_VVMVWX_001_f008350.jpg,1
20260527_080636_VVMVWX_001_f008360.jpg,1
20260527_080636_VVMVWX_001_f008370.jpg,1
20260527_080636_VVMVWX_001_f008380.jpg,1
20260527_080636_VVMVWX_001_f008390.jpg,1
20260527_080636_VVMVWX_001_f008400.jpg,1
20260527_080636_VVMVWX_001_f008410.jpg,1
20260527_080636_VVMVWX_001_f008420.jpg,1
20260527_080636_VVMVWX_001_f008430.jpg,1
20260527_080636_VVMVWX_001_f008440.jpg,1
20260527_080636_VVMVWX_001_f008450.jpg,1
20260527_080636_VVMVWX_001_f008460.jpg,1
20260527_080636_VVMVWX_001_f008470.jpg,1
20260527_080636_VVMVWX_001_f008480.jpg,1
20260527_080636_VVMVWX_001_f008490.jpg,1
20260527_080636_VVMVWX_001_f008500.jpg,1
20260527_080636_VVMVWX_001_f008510.jpg,1
20260527_080636_VVMVWX_001_f008520.jpg,1
20260527_080636_VVMVWX_001_f008530.jpg,1
20260527_080636_VVMVWX_001_f008540.jpg,1
20260527_080636_VVMVWX_001_f008550.jpg,1
20260527_080636_VVMVWX_001_f008560.jpg,1
20260527_080636_VVMVWX_001_f008570.jpg,1
20260527_080636_VVMVWX_001_f008580.jpg,1
20260527_080636_VVMVWX_001_f008590.jpg,1
20260527_080636_VVMVWX_001_f008600.jpg,1
20260527_080636_VVMVWX_001_f008610.jpg,1
20260527_080636_VVMVWX_001_f008620.jpg,1
20260527_080636_VVMVWX_001_f008630.jpg,1
20260527_080636_VVMVWX_001_f008640.jpg,1
20260527_080636_VVMVWX_001_f008650.jpg,1
20260527_080636_VVMVWX_001_f008660.jpg,1
20260527_080636_VVMVWX_001_f008670.jpg,1
20260527_080636_VVMVWX_001_f008755.jpg,1
20260527_080636_VVMVWX_001_f009015.jpg,1
20260527_080636_VVMVWX_001_f009025.jpg,1
20260527_080636_VVMVWX_001_f009035.jpg,1
20260527_080636_VVMVWX_001_f009045.jpg,1
20260527_080636_VVMVWX_001_f009450.jpg,1
20260527_080636_VVMVWX_001_f009460.jpg,1
20260527_080636_VVMVWX_001_f009660.jpg,1
20260527_080636_VVMVWX_001_f009670.jpg,1
20260527_080636_VVMVWX_001_f009680.jpg,1
20260527_080636_VVMVWX_001_f009690.jpg,1
20260527_080636_VVMVWX_001_f009700.jpg,1
20260527_082739_BQRAWE_002_f000000.jpg,1
20260527_082739_BQRAWE_002_f000085.jpg,1
20260527_082739_BQRAWE_002_f000160.jpg,1
20260527_082739_BQRAWE_002_f000235.jpg,1
20260527_082739_BQRAWE_002_f000310.jpg,1
20260527_082739_BQRAWE_002_f000415.jpg,1
20260527_082739_BQRAWE_002_f000515.jpg,1
20260527_082739_BQRAWE_002_f000615.jpg,1
20260527_082739_BQRAWE_002_f000690.jpg,1
20260527_082739_BQRAWE_002_f000765.jpg,1
20260527_082739_BQRAWE_002_f000850.jpg,1
20260527_082739_BQRAWE_002_f000925.jpg,1
20260527_082739_BQRAWE_002_f001035.jpg,1
20260527_082739_BQRAWE_002_f001110.jpg,1
20260527_082739_BQRAWE_002_f001205.jpg,1
20260527_082739_BQRAWE_002_f001280.jpg,1
20260527_082739_BQRAWE_002_f001355.jpg,1
20260527_082739_BQRAWE_002_f001430.jpg,1
20260527_082739_BQRAWE_002_f001505.jpg,1
20260527_082739_BQRAWE_002_f001600.jpg,1
20260527_082739_BQRAWE_002_f001710.jpg,1
20260527_082739_BQRAWE_002_f001930.jpg,1
20260527_082739_BQRAWE_002_f002025.jpg,1
20260527_082739_BQRAWE_002_f002100.jpg,1
20260527_082739_BQRAWE_002_f002200.jpg,1
20260527_082739_BQRAWE_002_f002275.jpg,1
20260527_082739_BQRAWE_002_f002350.jpg,1
20260527_082739_BQRAWE_002_f002425.jpg,1
20260527_082739_BQRAWE_002_f002500.jpg,1
20260527_082739_BQRAWE_002_f002575.jpg,1
20260527_082739_BQRAWE_002_f002665.jpg,1
20260527_082739_BQRAWE_002_f002755.jpg,1
20260527_082739_BQRAWE_002_f002830.jpg,1
20260527_082739_BQRAWE_002_f002905.jpg,1
20260527_082739_BQRAWE_002_f002980.jpg,1
20260527_082739_BQRAWE_002_f003055.jpg,1
20260527_082739_BQRAWE_002_f003130.jpg,1
20260527_082739_BQRAWE_002_f003205.jpg,1
20260527_082739_BQRAWE_002_f003280.jpg,1
20260527_082739_BQRAWE_002_f003355.jpg,1
20260527_082739_BQRAWE_002_f003435.jpg,1
20260527_082739_BQRAWE_002_f003535.jpg,1
20260527_082739_BQRAWE_002_f003610.jpg,1
20260527_082739_BQRAWE_002_f003685.jpg,1
20260527_082739_BQRAWE_002_f003760.jpg,1
20260527_082739_BQRAWE_002_f003835.jpg,1
20260527_082739_BQRAWE_002_f003910.jpg,1
20260527_082739_BQRAWE_002_f003985.jpg,1
20260527_082739_BQRAWE_002_f004060.jpg,1
20260527_082739_BQRAWE_002_f004135.jpg,1
20260527_082739_BQRAWE_002_f004210.jpg,1
20260527_082739_BQRAWE_002_f004285.jpg,1
20260527_082739_BQRAWE_002_f004360.jpg,1
20260527_082739_BQRAWE_002_f004435.jpg,1
20260527_082739_BQRAWE_002_f004525.jpg,1
20260527_082739_BQRAWE_002_f004600.jpg,1
20260527_082739_BQRAWE_002_f004675.jpg,1
20260527_082739_BQRAWE_002_f004750.jpg,1
20260527_082739_BQRAWE_002_f004865.jpg,1
20260527_082739_BQRAWE_002_f004940.jpg,1
20260527_082739_BQRAWE_002_f005015.jpg,1
20260527_082739_BQRAWE_002_f005090.jpg,1
20260527_082739_BQRAWE_002_f005165.jpg,1
20260527_082739_BQRAWE_002_f005240.jpg,1
20260527_082739_BQRAWE_002_f005340.jpg,1
20260527_082739_BQRAWE_002_f005415.jpg,1
20260527_082739_BQRAWE_002_f005505.jpg,1
20260527_082739_BQRAWE_002_f005590.jpg,1
20260527_082739_BQRAWE_002_f005690.jpg,1
20260527_082739_BQRAWE_002_f005765.jpg,1
20260527_082739_BQRAWE_002_f005840.jpg,1
20260527_082739_BQRAWE_002_f005915.jpg,1
20260527_082739_BQRAWE_002_f005990.jpg,1
20260527_082739_BQRAWE_002_f006065.jpg,1
20260527_082739_BQRAWE_002_f006140.jpg,1
20260527_082739_BQRAWE_002_f006215.jpg,1
20260527_082739_BQRAWE_002_f006290.jpg,1
20260527_082739_BQRAWE_002_f006365.jpg,1
20260527_082739_BQRAWE_002_f006440.jpg,1
20260527_082739_BQRAWE_002_f006515.jpg,1
20260527_082739_BQRAWE_002_f006590.jpg,1
20260527_082739_BQRAWE_002_f006665.jpg,1
20260527_082739_BQRAWE_002_f006740.jpg,1
20260527_082739_BQRAWE_002_f006830.jpg,1
20260527_082739_BQRAWE_002_f006905.jpg,1
20260527_082739_BQRAWE_002_f006980.jpg,1
20260527_082739_BQRAWE_002_f007055.jpg,1
20260527_082739_BQRAWE_002_f007130.jpg,1
20260527_082739_BQRAWE_002_f007205.jpg,1
20260527_082739_BQRAWE_002_f007280.jpg,1
20260527_082739_BQRAWE_002_f007355.jpg,1
20260527_082739_BQRAWE_002_f007430.jpg,1
20260527_082739_BQRAWE_002_f007505.jpg,1
20260527_082739_BQRAWE_002_f007580.jpg,1
20260527_082739_BQRAWE_002_f007655.jpg,1
20260527_082739_BQRAWE_002_f007730.jpg,1
20260527_082739_BQRAWE_002_f007805.jpg,1
20260527_082739_BQRAWE_002_f007880.jpg,1
20260527_082739_BQRAWE_002_f007955.jpg,1
20260527_082739_BQRAWE_002_f008030.jpg,1
20260527_082739_BQRAWE_002_f008105.jpg,1
20260527_082739_BQRAWE_002_f008180.jpg,1
20260527_082739_BQRAWE_002_f008255.jpg,1
20260527_082739_BQRAWE_002_f008330.jpg,1
20260527_082739_BQRAWE_002_f008405.jpg,1
20260527_082739_BQRAWE_002_f008480.jpg,1
20260527_082739_BQRAWE_002_f008555.jpg,1
20260527_082739_BQRAWE_002_f008630.jpg,1
20260527_082739_BQRAWE_002_f008705.jpg,1
20260527_082739_BQRAWE_002_f008780.jpg,1
20260527_082739_BQRAWE_002_f008855.jpg,1
20260527_082739_BQRAWE_002_f008930.jpg,1
20260527_082739_BQRAWE_002_f009005.jpg,1
20260527_082739_BQRAWE_002_f009080.jpg,1
20260527_082739_BQRAWE_002_f009155.jpg,1
20260527_082739_BQRAWE_002_f009230.jpg,1
20260527_082739_BQRAWE_002_f009305.jpg,1
20260527_082739_BQRAWE_002_f009380.jpg,1
20260527_082739_BQRAWE_002_f009455.jpg,1
20260527_082739_BQRAWE_002_f009530.jpg,1
20260528_004951_MXZWPD_004_f004735.jpg,1
20260528_004951_MXZWPD_004_f004740.jpg,1
20260528_004951_MXZWPD_004_f004745.jpg,1
20260528_004951_MXZWPD_004_f004750.jpg,1
20260528_004951_MXZWPD_004_f004755.jpg,1
20260528_004951_MXZWPD_004_f004760.jpg,1
20260528_004951_MXZWPD_004_f004765.jpg,1
20260528_004951_MXZWPD_004_f005780.jpg,1
20260528_004951_MXZWPD_004_f005785.jpg,1
20260528_004951_MXZWPD_004_f005790.jpg,1
20260528_004951_MXZWPD_004_f005795.jpg,1
20260528_004951_MXZWPD_004_f005880.jpg,1
20260528_004951_MXZWPD_004_f005885.jpg,1
20260528_004951_MXZWPD_004_f005890.jpg,1
20260528_004951_MXZWPD_004_f005895.jpg,1
20260528_004951_MXZWPD_004_f005900.jpg,1
20260528_004951_MXZWPD_004_f005905.jpg,1
20260528_004951_MXZWPD_004_f005915.jpg,1
20260528_004951_MXZWPD_004_f007385.jpg,1
20260528_004951_MXZWPD_004_f007390.jpg,1
20260528_004951_MXZWPD_004_f007395.jpg,1
20260528_004951_MXZWPD_004_f007400.jpg,1
