session_id,csv_duration_min
20260923_084132_XDFCQW,6.0
20260923_084612_CLRRYM,6.0
20260923_084648_WTHLVT,6.0
20260923_085955_QKDMCN,6.0
20260923_090201_ZHMBBY,6.0
20260923_091455_NWRAJL,6.0
20260923_092528_REZDKZ,6.0
20260923_093455_EENTVM,6.0
20260923_110040_MSXBQH,6.0
20260923_110219_CNDKZN,6.0
20260923_110435_YMMAUS,5.35
20260923_111303_VZDMNP,6.0
20260923_111307_NBATPA,6.0
20260923_113643_BMPUND,6.0
20260923_113644_NRVZUE,6.0
20260923_114245_DTCMFA,6.0
20260923_114443_ABAPSM,5.99
20260923_114450_AZQHYD,6.0
20260923_114551_EGBWRP,6.0
20260923_114606_VNBXTJ,6.0
20260923_114825_LCJPHV,4.08
20260923_114844_PBQLBE,0.15
20260923_115159_YKGPXK,6.0
20260923_115314_MRSUXH,2.22
20260923_115340_NNLRYY,1.26
20260923_115645_QJXQCB,6.01
20260923_115654_GMSRVV,5.2
20260923_115744_HPQPJX,1.28
20260923_115818_VLNKRJ,6.0
20260923_115910_ANXDVF,1.65
20260923_120025_DVCNMA,6.0
20260923_120031_XUFBQK,3.35
20260923_120041_YMETXP,1.43
20260923_120145_VBZFXA,0.94
20260923_120235_ENXUTP,4.56
20260923_120248_KUWGMS,0.7
20260923_120249_XYTRHH,1.18
20260923_120423_AVRGZA,3.62
20260923_120516_TJDHXJ,6.0
20260923_120629_AQZLFQ,0.44
20260923_120643_UBSFHQ,1.4
20260923_120657_UAXNEU,6.0
20260923_120752_CZHFSQ,6.0
20260923_120814_PJVKCE,2.69
20260923_120903_UQUCKP,5.13
20260923_120909_APCYFH,5.99
20260923_120913_VXPJBG,6.0
20260923_120931_LKRYSY,1.41
20260923_120936_ALBKXN,0.82
20260923_120946_ZTYJGP,0.06
20260923_120954_SRCUGC,3.75
20260923_121057_UQQWKQ,6.0
20260923_121116_WJHTTN,1.46
20260923_121145_DEUBYU,6.0
20260923_121158_KFWBFD,2.03
20260923_121241_CVRDXZ,0.7
20260923_121242_ZJBFBQ,3.49
20260923_121303_XCSQYM,6.0
20260923_121326_DQGBPX,1.38
20260923_121344_YNBUDW,1.45
20260923_121351_BNUCVP,6.0
20260923_121525_UHNQSF,0.8
20260923_121546_VHPQLK,5.99
20260923_121631_VFTSLW,4.38
20260923_121649_JZFQVT,2.13
20260923_121655_SEBZBL,1.27
20260923_121657_UZTVKH,2.12
20260923_121730_XQREEG,4.48
20260923_121816_WLTNGR,6.0
20260923_121827_PBKVJL,6.0
20260923_121847_CVPMLM,0.79
20260923_121920_XCGXJD,6.0
20260923_122008_JQAQJJ,0.46
20260923_122045_VQVAAZ,6.0
20260923_122129_EYUYJS,6.0
20260923_122153_NQNQPX,3.36
20260923_122157_REFAXN,6.0
20260923_122227_FKFGVD,6.0
20260923_122256_EUCNWA,6.0
20260923_122302_EWWZEQ,6.0
20260923_122325_UEMDRR,0.27
20260923_122343_MXTHHE,6.0
20260923_122348_MPWJTV,5.92
20260923_122418_CQEVAB,6.0
20260923_122428_WPWWTS,2.39
20260923_122503_DDTPJJ,0.21
20260923_122607_MQMCTF,4.97
20260923_122732_TMEMUF,6.0
20260923_122809_DZXPWS,4.77
20260923_122818_LSUXYY,6.0
20260923_123107_WXHGNS,6.0
20260923_123112_AQPNBW,6.0
20260923_123436_YVQJQV,6.0
20260923_123443_XNRBTY,5.06
20260923_123526_BSJRNC,3.12
20260923_123752_EGDCRQ,6.0
20260923_123911_EAKCHL,3.92
20260923_124040_NDAPBY,6.0
20260923_124132_VBSUYA,4.55
20260923_124220_TJPLVX,2.48
20260923_124323_SVACRU,6.0
20260923_124434_NATLQD,6.0
20260923_124444_LTKQKE,6.0
20260923_124512_PLCKWF,6.0
20260923_124554_YGLZPM,1.88
20260923_124601_EYJUFB,1.91
20260923_124756_MTBYRJ,1.02
20260923_124917_WPFPDR,6.0
20260923_124921_PZBKTW,6.0
20260923_125013_RSLAAT,6.0
20260923_125101_CZEWUN,3.48
20260923_125157_VDEESU,5.99
20260923_125247_FSHBXL,6.0
20260923_125311_KTRWDA,5.68
20260923_125517_MBWTTK,0.94
20260923_125713_PAXLYP,0.5
20260923_125732_GKUZUG,3.35
20260923_125915_DWZBLL,0.58
20260923_125928_URKWMH,5.99
20260923_130047_VUPFLD,0.48
20260923_130057_MDLLPX,6.0
20260923_130156_AAFVBP,6.0
20260923_130241_FRTSUT,0.52
20260923_130259_KPJVYY,6.0
20260923_130304_PCRBAL,6.0
20260923_130410_MWGQHJ,4.24
20260923_130422_ZJFVZQ,6.0
20260923_130536_KYYPWL,2.34
20260923_130635_LQTBUV,6.0
20260923_130701_HMCLJF,6.0
20260923_130703_JSMTDX,6.0
20260923_130828_XEMZEJ,6.0
20260923_130853_DYBCED,6.0
20260923_131011_CBXXJD,3.73
20260923_131032_PPJYDA,6.0
20260923_131546_SNVNUH,6.0
20260923_131626_ZJWURZ,5.29
20260923_131728_RLAUQH,3.59
20260923_131843_KHUJFL,5.99
20260923_131913_STCMRV,6.0
20260923_131942_GDQJRS,6.0
20260923_132050_QCBXWD,6.0
20260923_132127_NJUYNK,5.99
20260923_132139_RFFYEZ,6.0
20260923_132328_AJHADG,5.99
20260923_132340_PLEUQQ,5.24
20260923_132413_EGVYGR,3.71
20260923_133134_HBXHZG,6.0
20260924_061334_XDEPSE,6.0
20260924_061455_HKMADJ,6.0
20260924_061759_XFRWSZ,6.0
20260924_061943_TDJGGF,6.0
20260924_062122_JFJMNM,2.47
20260924_062232_NWVPFK,1.68
20260924_062428_MGKWGD,6.0
20260924_062541_TFFFHE,6.0
20260924_062656_NGHYEP,6.0
20260924_062658_GGBJQU,4.16
20260924_062931_BGQARL,6.0
20260924_062958_HARQLR,6.0
20260924_063156_JFMXDB,5.99
20260924_063616_BUAGAP,6.0
20260924_063625_PTUXUH,6.0
20260924_064055_QCZZNM,6.0
20260924_064201_KCTTVU,6.0
20260924_064214_WYVKVR,6.0
20260924_064342_QEQSPG,6.0
20260924_064344_EUKELS,6.0
20260924_064750_JXYNWX,2.63
20260924_064826_CXGHMD,6.0
20260924_064844_EZRRWU,6.0
20260924_064912_EHUWLP,6.0
20260924_065215_BBTRJP,3.43
20260924_065243_XHHYCR,2.33
20260924_065335_HFUNJZ,6.0
20260924_065657_HENDTR,4.42
20260924_065710_ZSGMJQ,5.99
20260924_065831_ZHCKLL,5.33
20260924_065945_HVEZWX,6.0
20260924_070029_NQXTYK,6.0
20260924_070055_VUSLWJ,6.0
20260924_070104_WHEBGH,6.0
20260924_070136_GVCXPS,6.0
20260924_070225_ETETVG,6.0
20260924_070341_ESEJXL,2.15
20260924_070417_GMAXAF,6.0
20260924_070439_SVGCAA,6.0
20260924_070536_AMBXCC,6.0
20260924_070541_ZBQJZR,6.0
20260924_070650_CYUHAC,6.0
20260924_070717_FZPXBT,6.0
20260924_070724_UHKXEY,5.31
20260924_070738_PBNBPY,6.0
20260924_071020_JXFJBV,6.0
20260924_071251_YADTTL,6.0
20260924_071629_HTXFAC,6.0
20260924_071650_AWMAFV,6.0
20260924_071715_GUYVRL,6.0
20260924_072211_RUJXJA,3.51
20260924_072252_KEQAKX,5.99
20260924_072319_KVTDUF,6.0
20260924_072340_QEUASJ,6.0
20260924_072419_RBVXJF,6.0
20260924_072514_BSDCUB,6.0
20260924_072710_JRCFAV,2.57
20260924_072801_HHAUYH,0.12
20260924_072809_EBGDFV,6.0
20260924_072847_TPQCJY,6.0
20260924_072904_UXHDZE,6.0
20260924_072906_CGCFKY,2.83
20260924_073106_DJTYAD,6.0
20260924_073138_GLJTMH,6.0
20260924_073143_JFJPDF,2.43
20260924_073250_DPWKRR,4.32
20260924_073541_JGESCS,6.0
20260924_073710_XRKFUW,0.62
20260924_073743_CFVNKH,5.99
20260924_073754_MVWTLD,6.0
20260924_073813_NYKCZL,0.19
20260924_073857_AULQBQ,6.0
20260924_073904_FJPBNL,6.0
20260924_073916_DVHGWE,6.0
20260924_073925_NKBMFC,6.0
20260924_074038_UGULBS,6.0
20260924_074047_WSGUFR,6.0
20260924_074118_XAXTMQ,5.02
20260924_074154_RAENQS,5.8
20260924_074208_TUSJJW,6.0
20260924_074658_JECBPK,6.0
20260924_074701_LAWWSP,6.0
20260924_074758_KBUKCF,6.0
20260924_074828_WUVSLJ,6.0
20260924_074834_JSWNPS,1.81
20260924_074843_SQKXLT,6.0
20260924_074847_VQUWHP,6.0
20260924_075040_SNYJHW,6.0
20260924_075056_KLDXQT,6.0
20260924_075153_SDZGFU,6.0
20260924_075213_LSYDFT,6.0
20260924_075251_FLUWRL,6.0
20260924_075330_UENMUZ,5.97
20260924_075438_CJFHHS,6.0
20260924_075631_LRVQZB,2.55
20260924_075841_WVDTQF,5.99
20260924_075944_QYVVRP,0.77
20260924_080053_EHDJYR,6.0
20260924_080207_GUXVED,6.0
20260924_080207_QJTNJV,6.0
20260924_080304_GHACYZ,6.0
20260924_080319_TQFWQN,5.99
20260924_080406_GRNNVN,6.0
20260924_080446_VGTWCB,6.0
20260924_080453_GQGCHQ,5.99
20260924_080925_HGWWUE,6.0
20260924_080940_QBFNKY,6.0
20260924_080942_EXVTKT,6.0
20260924_081018_GQTBJH,6.0
20260924_081024_XVXNJR,6.0
20260924_081118_CFEQTS,6.0
20260924_081310_GEYVCD,0.25
20260924_081407_WWEZCH,6.0
20260924_081425_ANPNXR,6.0
20260924_081442_NXTLZG,5.99
20260924_081845_CAUBAS,6.0
20260924_082032_ZNHTAJ,6.0
20260924_082429_MGNCGQ,6.0
20260924_082500_QUNNHQ,4.38
20260924_082513_EYYNST,6.0
20260924_082614_DYBKRP,6.0
20260924_082628_WMCMGY,6.0
20260924_082633_YHEPSC,0.14
20260924_082734_DUHKJZ,1.22
20260924_082838_BHNJHJ,6.0
20260924_082943_BZTRCU,6.0
20260924_083119_PNFUJT,6.0
20260924_083131_FCLHVY,6.0
20260924_083204_TURJVM,6.0
20260924_083208_CJKMCG,5.88
20260924_083214_HNNKGF,5.19
20260924_083321_KBVAHZ,6.0
20260924_083427_NDHCSK,6.0
20260924_083649_ZDNCZU,6.0
20260924_083843_VPZZTC,6.0
20260924_083847_QKXJLN,6.0
20260924_083910_ESHSVN,6.0
20260924_083945_MPXMVW,6.0
20260924_084032_RQUUTW,6.0
20260924_084119_ZQXAAK,6.0
20260924_084218_XZBTBV,6.0
20260924_084348_NYPSEG,5.12
20260924_084457_TTSSXV,6.0
20260924_084505_AJYLCF,3.77
20260924_084559_HBYPXU,6.0
20260924_084634_SYYRVX,5.99
20260924_084651_WKMNBB,3.88
20260924_084730_RWZTZM,6.0
20260924_084733_RZDLPV,2.09
20260924_085007_URLMCV,6.0
20260924_085012_WGGHES,6.0
20260924_085118_ZYAGQU,6.0
20260924_085119_UHGSSL,6.0
20260924_085153_AKVMQL,3.71
20260924_085223_UFSLPE,6.0
20260924_085242_YXFQEZ,5.28
20260924_085245_FBWAGP,6.0
20260924_085258_UMZHTL,6.0
20260924_085310_LZNLSD,6.0
20260924_085317_EBFBQW,6.0
20260924_085319_JVCZRR,6.0
20260924_085320_BMLZSC,6.0
20260924_085349_LYEKWV,6.0
20260924_085409_RXELYB,6.0
20260924_085416_NMQUPK,6.0
20260924_085527_YLJLUG,6.0
20260924_085550_ZFRHXP,6.0
20260924_085633_HNLZEX,6.0
20260924_085915_LTRHTM,6.0
20260924_085943_MNJUJS,6.0
20260924_090053_FDUQJP,5.29
20260924_090211_PNKPWB,4.76
20260924_090344_PCCKWR,2.14
20260924_090352_ELJJTM,1.82
20260924_090551_WXCSTZ,0.35
20260924_090621_LFJWKJ,0.37
20260924_090755_HDAJRL,6.0
20260924_090903_BMUCHF,6.0
20260924_090906_NQZFFF,6.0
20260924_090913_ZYANDL,6.0
20260924_091014_TMHYZX,6.0
20260924_091046_DPNLBH,5.99
20260924_091118_WWTBNF,6.0
20260924_091201_BUUJNW,6.0
20260924_091346_EETFGG,6.0
20260924_092024_JYCPVW,6.0
20260924_092210_FZRSNG,1.42
20260924_092220_PEPAGV,6.0
20260924_092631_MDTWVR,0.22
20260924_092700_QDYYCT,4.1
20260924_092743_MHJRLF,5.99
20260924_093109_ZWHGAW,2.71
20260924_093335_RRCWFS,6.0
20260924_093348_QGMYFU,6.0
20260924_093650_TKRBZA,6.0
20260924_093708_UPWXKJ,0.22
20260924_094130_FPXDGL,6.0
20260924_094213_DPTPQM,6.0
20260924_094409_PDRALF,5.13
20260924_094453_RAAMDJ,5.21
20260924_094900_KGMBQW,6.0
20260924_095238_QKZWXH,6.0
20260924_095310_PEKWPQ,6.0
20260924_095644_ECMNRV,6.0
20260924_095838_MWBSQH,6.0
20260924_100254_DXPXJM,6.0
20260924_100549_HUFBMK,6.0
20260924_100627_HUHFZA,6.0
20260924_100750_RAAXWL,3.5
20260924_101044_AUSZBM,6.0
20260924_101222_CHXCYM,1.39
20260924_101313_XLGQAP,6.0
20260924_101459_SDCWKN,6.0
20260924_101519_TMLTNC,6.0
20260924_101611_LVTNDB,6.0
20260924_101815_ZNMLGT,6.0
20260924_102023_PBHZBG,6.0
20260924_102603_WGAJWP,6.0
20260924_103010_NWLLUA,6.0
20260924_103346_XASRQK,6.0
20260924_103525_LSPEVM,5.99
20260924_104004_PJBQTC,5.99
20260924_104128_UJRPFA,4.55
20260924_104412_BZNHUZ,6.0
20260924_104501_HQSBNC,6.0
20260924_104541_VJDXLR,6.0
20260924_104601_KYLAHB,6.0
20260924_104716_BPZSPW,6.0
20260924_104738_ARSRNG,5.99
20260924_104919_KJPNBQ,6.0
20260924_104940_ELXVXK,6.0
20260924_105035_KTGEBT,6.0
20260924_105040_CFVKBQ,6.0
20260924_105141_JXKKPY,6.0
20260924_105540_ZNAWLM,6.0
20260924_105547_MKKJNK,6.0
20260924_105552_SHUJLG,6.0
20260924_105825_GSYKXJ,6.0
20260924_105844_VQFGHW,6.0
20260924_105909_TKYUPT,6.0
20260924_110043_MHJCGG,6.0
20260924_110047_ZWDWAQ,6.0
20260924_110132_UUMGCP,6.0
20260924_110346_TDJMZA,6.0
20260924_110429_RQBCCU,0.28
20260924_110504_MCWANF,6.0
20260924_110515_JAQPTC,6.0
20260924_110607_BXYPEK,6.0
20260924_110611_HCERMS,6.0
20260924_110654_QGLGFY,4.78
20260924_111349_PUYBSU,6.0
20260924_111411_WJFRDT,5.99
20260924_111732_RQMMWP,4.72
20260924_111756_LHURUY,0.17
20260924_111948_TDQJWN,6.0
20260924_111949_UNEBBV,6.0
20260924_112045_JEFPFQ,5.99
20260924_112315_LRDLEM,0.18
20260924_112324_TTHAQK,6.0
20260924_112337_ZHUGKJ,6.0
20260924_112402_NCHQUD,6.0
20260924_112422_WDTHQY,6.0
20260924_112628_BDUAKD,5.66
20260924_112913_ZMKTFQ,6.0
20260924_113122_VNXQKW,6.0
20260924_113229_CTTGWK,6.0
20260924_113316_GZSANF,6.0
20260924_113512_VHZQTJ,6.0
20260924_113610_ETTSYN,4.37
20260924_113754_RPVQVT,6.0
20260924_113835_LURQNT,6.0
20260924_113954_ANWQKK,6.0
20260924_114046_ZYQBES,4.01
20260924_114108_TSAVDJ,6.0
20260924_114328_QYVVFS,6.0
20260924_114419_HSYCME,6.0
20260924_114427_DAFPBH,0.4
20260924_114617_EGDNTF,6.0
20260924_114729_EFNBZM,6.0
20260924_115234_NHDFVV,6.0
20260924_115300_BEYFQH,6.0
20260924_115341_NFBLMJ,6.0
20260924_115519_AVHEQR,6.0
20260924_115656_NZZWBH,6.0
20260924_115715_PMVDWH,5.99
20260924_115732_MDUZCZ,5.99
20260924_120123_MJNSMU,6.0
20260924_120241_HDDVSS,6.0
20260924_120358_ZWRWCV,2.73
20260924_120416_DJEYRP,6.0
20260924_120444_CYPCLG,6.0
20260924_120551_YCZTLV,4.54
20260924_120552_VEDVDR,6.0
20260924_120554_UWLAEA,6.0
20260924_120742_DUZDCY,6.0
20260924_120744_EJYFFJ,6.0
20260924_120749_ESTZGE,6.0
20260924_120823_BSCTGH,6.0
20260924_120925_SHNZHC,5.18
20260924_121458_YWZQVR,6.0
20260924_121523_UFZLHG,6.0
20260924_121525_ZDNGGE,6.0
20260924_121651_YSDQEW,6.0
20260924_121916_VEGLQU,6.0
20260924_122256_GPLQHH,1.35
20260924_122330_CBREHU,6.0
20260924_122430_ZGZVTA,6.0
20260924_122852_FVZWVY,6.0
20260924_122858_MLYMKY,6.0
20260924_122954_SPRPWE,6.0
20260924_123312_FAZYPG,6.0
20260924_123518_DZMSHM,6.0
20260924_123726_ACJQMN,5.99
20260924_124112_VMFBYQ,1.47
20260924_124529_EDLKFZ,6.0
20260924_124529_TSBRFE,5.02
20260924_124615_UMCXKH,6.0
20260924_124802_NGZFFZ,5.86
20260924_124950_TAEWWU,4.21
20260924_125237_XVCVNH,5.26
20260924_125312_BSUMXV,4.42
20260924_125347_AEJNDA,6.0
20260924_125551_KJKXSQ,6.0
20260924_125631_XFAVXH,5.59
20260924_131027_DJGHHV,6.0
20260924_235915_MEAXPV,6.0
20260924_235932_APQLFQ,6.0
20260925_001512_XHKQSC,6.0
20260925_001824_EULWXT,5.5
20260925_002435_UAKPLM,0.18
20260925_002623_TDRFLL,6.0
20260925_002801_XSJUUP,2.23
20260925_002812_MDSAAK,6.0
20260925_003304_CEJNXC,2.09
20260925_003604_JGSGAS,5.99
20260925_003747_XPDFUW,6.0
20260925_003928_ZDQPWQ,6.0
20260925_005103_RNLBJZ,4.04
20260925_005419_TEXDPW,6.0
20260925_005458_NCXGEF,6.0
20260925_005756_TNTFVG,6.0
20260925_010255_DZGMMB,6.0
20260925_010627_EPNMCC,6.0
20260925_011054_KCRWRM,6.0
20260925_011409_ADWNAK,6.0
20260925_011432_ZRZLDQ,5.99
20260925_011834_KSXUAV,6.0
20260925_012400_WSFCPP,6.0
20260925_012503_CDMYGN,6.0
20260925_012908_XKYXAJ,1.72
20260925_013249_BLCHQT,3.04
20260925_013427_GYJBAC,6.0
20260925_013459_QJBVZV,5.99
20260925_013919_YSMWFC,6.0
20260925_014358_NAVYUV,6.0
20260925_015031_WGBLJP,5.99
20260925_015503_CZNFFC,6.0
20260925_015526_UKXFXD,6.0
20260925_015735_ALDKLY,6.0
20260925_015957_QBDWQE,0.17
20260925_020004_YMDRMX,1.66
20260925_020152_QEBNFW,6.0
20260925_020653_MKCAQZ,5.99
20260925_023147_EFXKAU,6.0
20260925_023421_EHMEQK,0.95
20260925_023440_HPZKYH,6.0
20260925_023744_VDDNBD,6.0
20260925_023752_WHEYCP,6.0
20260925_023930_WXZEPT,6.0
20260925_024113_SWJLPU,1.23
20260925_024154_KAYRSX,6.0
20260925_024612_STHWQF,4.67
20260925_024641_RPMJXE,5.99
20260925_024710_XUHYJE,6.0
20260925_024737_STQUSU,6.0
20260925_024854_XFPMFX,6.0
20260925_024927_CUZUAG,6.0
20260925_025253_YQDNBT,6.0
20260925_025944_YRZBJN,6.0
20260925_030404_BFPXPB,6.0
20260925_031020_MGCERK,6.0
20260925_031404_PXTLEV,4.14
20260925_031502_QCLQRT,6.0
20260925_032005_NDPPDQ,6.0
20260925_032011_HYZJBL,6.0
20260925_032240_MZMRZJ,6.0
20260925_032850_JNFZRN,6.0
20260925_033120_YQHDFY,6.0
20260925_033529_WSPPRW,6.0
20260925_033811_GEHSRF,6.0
20260925_034118_ACDHZC,5.93
20260925_042628_MWSPXK,6.0
20260925_042723_BHQRVN,6.0
20260925_043856_LBPYWE,6.0
20260925_044338_EFDCUE,6.0
20260925_050046_NJPUTP,6.0
20260925_050334_NUKEKT,6.0
20260925_050713_KVLUBS,6.0
20260925_051042_ALAGGQ,6.0
20260925_051112_GHMKGT,6.0
20260925_051128_DCSMZT,6.0
20260925_051136_LSMRVH,6.0
20260925_051631_STDLJT,6.0
20260925_051653_FTKTPG,6.0
20260925_051835_PDGHJR,6.0
20260925_052728_NRCWDW,6.0
20260925_053000_BRZJZL,6.0
20260925_053448_NUGWNE,6.0
20260925_053606_ERCLMX,3.8
20260925_054122_YMNYXT,6.0
20260925_054351_JXKLMR,6.0
20260925_054925_YMEKVR,6.0
20260925_055157_QZEMDC,6.0
20260925_055316_PWNZWQ,6.0
20260925_055407_XSVUHR,6.0
20260925_060527_UTHJJY,0.14
20260925_060657_BLLBLX,6.0
20260925_060704_HWQNCV,6.0
20260925_061203_CWTUKZ,6.0
20260925_061352_KDHAAH,6.0
20260925_061455_LSWFZH,6.0
20260925_061606_CAFGFV,6.0
20260925_061633_PNNAXE,3.13
20260925_061850_EMHYZC,6.0
20260925_062228_YJLJDN,4.84
20260925_062833_AVDAEU,6.0
20260925_062959_TLUYWY,5.99
20260925_063240_XUFQKH,6.0
20260925_063911_ZLVGRF,6.0
20260925_063946_KGNGNY,6.0
20260925_064031_CDCRXT,6.0
20260925_064139_AJXYZZ,6.0
20260925_064918_QSUNBH,5.99
20260925_070134_QVDYPY,6.0
20260925_070352_SSJYUF,5.99
20260925_070500_VDGJNP,5.99
20260925_070601_JBDKCK,5.99
20260925_070826_ETDEBF,6.0
20260925_070852_VUDCBW,6.0
20260925_070934_KWJBFB,6.0
20260925_071043_UGQYGS,6.0
20260925_071345_MJAPUG,6.0
20260925_071525_DNKUZN,6.0
20260925_071754_UEHEHZ,6.0
20260925_071840_BFUXRW,5.4
20260925_072529_GQBCLL,6.0
20260925_072808_NEUKEK,3.2
20260925_073245_PYEUTX,6.0
20260925_073515_NTQHBH,6.0
20260925_073720_YNMGNZ,5.99
20260925_074039_BBAHFB,6.0
20260925_074118_BQQVHN,6.0
20260925_074547_AUKHWA,6.0
20260925_074957_EATGKL,4.74
20260925_075355_HFFXNE,3.92
20260925_080146_RNZPHA,6.0
20260925_080220_QABQCN,6.0
20260925_080226_YSHQNE,6.0
20260925_080503_BPCJQF,6.0
20260925_080525_PLFSWP,6.0
20260925_080557_MXADTG,6.0
20260925_080615_PJBDGK,6.0
20260925_080629_MVAVYZ,5.05
20260925_080655_TWGXYL,0.19
20260925_080753_LTKXCM,6.0
20260925_080758_KXYTTU,5.99
20260925_080819_WMRRCP,6.0
20260925_080820_PDDDRV,6.0
20260925_080826_HEFHQQ,6.0
20260925_080907_JXCGLP,6.0
20260925_080923_RCKAMK,6.0
20260925_081410_EPKNWC,6.0
20260925_081424_VMEKDH,6.0
20260925_082829_HSHSWU,6.0
20260925_083019_LDAQJF,6.0
20260925_083528_UFKVJN,5.99
20260925_083807_BPUPXU,6.0
20260925_083834_GWCSYU,6.0
20260925_084624_RSWFFK,6.0
20260925_085001_LCKNUL,3.39
20260925_085755_DRJDVQ,6.0
20260925_090155_HLBGVX,6.0
20260925_092027_QHPSUU,6.0
20260925_095038_XZALUU,6.0
20260925_095051_LSCZBM,5.6
20260925_100225_GFEDHB,6.0
20260925_100309_JBURHM,6.0
20260925_102046_LWLZBG,6.0
20260925_103809_DFZGUE,5.13
20260925_104233_RRFGTU,6.0
20260925_104709_NHTYKL,6.0
20260925_111514_EUFFNU,6.0
20260925_114917_WMGRUQ,6.0
20260925_121200_ENTCXB,6.0
20260925_122647_VBVJPN,6.0
20260925_125326_MFLETT,6.0
