session_id,duration_s
20260923_115656_KNAFRE,195
20260923_115721_GXBRMF,109
20260923_120608_KFDHSU,74
20260923_120609_WNNKLP,71
20260923_121022_RUPWWR,542
20260923_121030_GMUVMW,2494
20260923_121042_TVKYZJ,154
20260923_121432_PCLUDB,192
20260923_121605_HVDBLU,142
20260923_121638_BQNSVE,725
20260923_121757_GHUDTA,87
20260923_122025_TSAWHR,889
20260923_122227_QGSNUS,183
20260923_122258_AZFEBB,1183
20260923_122330_GYCPWK,189
20260923_122447_AWJBVR,15
20260923_122751_ENVRNL,188
20260923_122900_APCFVU,474
20260923_123251_EUDUQR,465
20260923_123307_ZJGVGH,1805
20260923_124036_VLGCNC,109
20260923_124236_WQKAKL,2246
20260923_124854_CXTCTZ,308
20260923_124926_VKPLCH,634
20260923_125039_UHFRXB,320
20260923_125346_RLRJYC,2014
20260923_130333_TZHDHZ,877
20260923_130558_DNQHAL,1016
20260923_131601_LSUTLW,488
20260923_131944_ANQLHK,303
20260923_131955_LATRLW,349
20260923_132141_GHREYV,260
20260923_132656_FSKCBQ,95
