image,x1,y1,x2,y2,ignore
20260923_121432_PCLUDB_c000_left_f000277.jpg,360.0,1053.3,430.0,1153.4,0
20260923_121432_PCLUDB_c000_left_f000517.jpg,323.3,855.9,387.0,933.4,0
20260923_121432_PCLUDB_c000_left_f000517.jpg,571.2,966.5,613.8,1010.2,0
20260923_121432_PCLUDB_c000_left_f000607.jpg,428.6,834.0,479.6,881.8,0
20260923_121432_PCLUDB_c000_left_f000667.jpg,506.4,917.8,543.1,964.9,0
20260923_121432_PCLUDB_c000_left_f000697.jpg,517.5,892.0,553.3,943.6,0
20260923_121432_PCLUDB_c000_left_f000907.jpg,30.4,1002.2,107.8,1065.5,0
20260923_121432_PCLUDB_c000_left_f000907.jpg,98.8,1096.4,173.7,1174.4,0
20260923_121432_PCLUDB_c000_left_f001177.jpg,478.6,1060.6,522.6,1113.9,0
20260923_121432_PCLUDB_c000_left_f001357.jpg,499.4,1129.2,534.9,1200.4,0
20260923_121432_PCLUDB_c000_left_f001387.jpg,479.5,1105.0,523.7,1174.4,0
20260923_121432_PCLUDB_c000_left_f001806.jpg,387.5,1092.4,426.0,1148.4,0
20260923_121432_PCLUDB_c000_left_f001836.jpg,424.0,1009.8,464.2,1068.0,0
20260923_121432_PCLUDB_c000_left_f001866.jpg,443.3,1007.7,481.3,1052.3,0
20260923_121432_PCLUDB_c000_left_f002016.jpg,373.8,973.8,421.6,1034.2,0
20260923_121432_PCLUDB_c000_left_f002046.jpg,600.9,1032.2,646.2,1092.1,0
20260923_121432_PCLUDB_c000_left_f002046.jpg,730.9,1046.8,788.8,1106.3,0
20260923_121432_PCLUDB_c000_left_f003126.jpg,539.4,973.4,580.7,1032.8,0
20260923_121432_PCLUDB_c000_left_f003216.jpg,138.9,632.8,216.4,715.8,0
20260923_121432_PCLUDB_c000_left_f003246.jpg,83.0,707.5,169.4,784.8,0
20260923_121432_PCLUDB_c000_left_f004116.jpg,596.1,799.7,634.0,838.3,0
20260923_121432_PCLUDB_c000_left_f004146.jpg,839.2,862.0,899.2,910.8,0
20260923_121432_PCLUDB_c000_right_f000037.jpg,693.5,14.7,756.1,101.8,0
20260923_121432_PCLUDB_c000_right_f000427.jpg,398.4,244.4,453.0,303.1,0
20260923_121432_PCLUDB_c000_right_f000517.jpg,752.4,458.2,803.7,513.2,0
20260923_121432_PCLUDB_c000_right_f000547.jpg,829.5,477.3,879.2,534.0,0
20260923_121432_PCLUDB_c000_right_f000607.jpg,850.7,576.8,899.2,629.4,0
20260923_121432_PCLUDB_c000_right_f000787.jpg,885.6,478.8,949.0,534.1,0
20260923_121432_PCLUDB_c000_right_f000817.jpg,906.6,542.1,970.3,598.7,0
20260923_121432_PCLUDB_c000_right_f000937.jpg,39.5,598.7,77.7,633.6,0
20260923_121432_PCLUDB_c000_right_f001896.jpg,846.3,545.7,899.2,588.2,0
20260923_121432_PCLUDB_c000_right_f002466.jpg,59.2,514.4,117.4,571.4,0
20260923_121432_PCLUDB_c000_right_f002526.jpg,537.4,0.0,605.1,59.6,0
20260923_121432_PCLUDB_c000_right_f002556.jpg,499.9,57.0,549.7,113.3,0
20260923_121432_PCLUDB_c000_right_f002706.jpg,189.8,278.5,255.3,343.0,0
20260923_121432_PCLUDB_c000_right_f002796.jpg,712.0,90.8,757.1,150.4,0
20260923_121432_PCLUDB_c000_right_f003124.jpg,379.3,412.2,424.9,461.6,0
20260923_121432_PCLUDB_c000_right_f003154.jpg,849.9,526.6,901.3,571.5,0
20260923_121432_PCLUDB_c000_right_f003484.jpg,822.8,478.2,874.6,528.3,0
20260923_121432_PCLUDB_c000_right_f003514.jpg,882.1,500.9,939.4,550.4,0
20260923_121432_PCLUDB_c000_right_f003544.jpg,873.0,434.6,932.7,492.2,0
20260923_121432_PCLUDB_c000_right_f003574.jpg,903.3,527.5,962.2,576.0,0
20260923_121432_PCLUDB_c000_right_f003784.jpg,0.0,743.0,12.1,774.3,0
20260923_121432_PCLUDB_c000_right_f003874.jpg,8.9,634.1,77.7,723.8,0
20260923_121432_PCLUDB_c000_right_f003904.jpg,425.1,651.8,460.4,694.4,0
20260923_121432_PCLUDB_c000_right_f003904.jpg,814.5,416.1,890.5,462.7,0
20260923_121432_PCLUDB_c000_right_f003934.jpg,427.7,636.3,460.1,678.1,0
20260923_121432_PCLUDB_c000_right_f003934.jpg,791.0,415.4,895.7,471.2,0
20260923_121432_PCLUDB_c000_right_f003964.jpg,399.9,623.6,432.4,665.0,0
20260923_121432_PCLUDB_c000_right_f003964.jpg,794.9,451.6,884.2,522.9,0
20260923_121432_PCLUDB_c000_right_f004624.jpg,72.8,149.5,125.8,219.0,0
20260923_121432_PCLUDB_c000_right_f004624.jpg,136.1,241.3,167.7,285.7,0
20260923_121432_PCLUDB_c000_right_f004743.jpg,392.8,229.8,448.4,298.2,0
20260923_121432_PCLUDB_c000_right_f004982.jpg,428.7,264.1,509.8,338.8,0
20260923_121432_PCLUDB_c000_right_f005072.jpg,754.5,33.7,830.9,161.4,0
20260923_121432_PCLUDB_c000_right_f005072.jpg,755.4,226.6,805.5,293.2,0
20260923_121432_PCLUDB_c000_right_f005402.jpg,702.4,50.6,761.7,136.6,0
20260923_121432_PCLUDB_c000_right_f005432.jpg,715.4,108.4,759.0,194.7,0
20260923_121432_PCLUDB_c000_right_f005522.jpg,707.5,15.9,758.3,97.7,0
20260923_121605_HVDBLU_c000_left_f001087.jpg,437.7,1204.2,500.2,1280.0,0
20260923_121605_HVDBLU_c000_left_f003546.jpg,0.0,1159.3,97.4,1257.0,0
20260923_121605_HVDBLU_c000_left_f003996.jpg,150.2,1165.2,232.3,1245.3,0
20260923_121605_HVDBLU_c000_left_f004176.jpg,348.2,1094.7,396.5,1175.2,0
20260923_121605_HVDBLU_c000_right_f001056.jpg,31.3,60.7,161.7,178.7,0
20260923_121605_HVDBLU_c000_right_f001086.jpg,0.0,26.1,133.2,140.0,0
20260923_121605_HVDBLU_c000_right_f003005.jpg,69.9,391.7,114.2,433.5,0
20260923_122330_GYCPWK_c000_left_f000037.jpg,410.8,1071.1,457.1,1130.5,0
20260923_122330_GYCPWK_c000_left_f000037.jpg,549.5,917.1,610.0,982.3,0
20260923_122330_GYCPWK_c000_left_f000337.jpg,0.0,941.8,61.2,1173.9,0
20260923_122330_GYCPWK_c000_left_f000397.jpg,0.0,875.1,87.3,1072.8,0
20260923_122330_GYCPWK_c000_left_f000667.jpg,154.4,754.7,195.8,798.0,0
20260923_122330_GYCPWK_c000_left_f000817.jpg,111.3,391.3,230.1,513.2,0
20260923_122330_GYCPWK_c000_left_f001057.jpg,443.0,1203.7,541.9,1280.0,0
20260923_122330_GYCPWK_c000_left_f001387.jpg,0.0,571.8,119.6,741.9,0
20260923_122330_GYCPWK_c000_left_f001417.jpg,1.0,574.2,94.5,749.3,0
20260923_122330_GYCPWK_c000_left_f001717.jpg,0.0,1178.5,183.1,1280.0,0
20260923_122330_GYCPWK_c000_left_f001747.jpg,3.3,621.8,60.3,695.7,0
20260923_122330_GYCPWK_c000_left_f001777.jpg,88.6,734.2,164.4,795.6,0
20260923_122330_GYCPWK_c000_left_f002496.jpg,0.0,854.4,98.0,1038.3,0
20260923_122330_GYCPWK_c000_left_f002526.jpg,0.0,836.1,72.7,1045.2,0
20260923_122330_GYCPWK_c000_left_f003156.jpg,529.4,991.5,591.6,1068.9,0
20260923_122330_GYCPWK_c000_left_f003666.jpg,0.0,293.8,40.6,362.6,0
20260923_122330_GYCPWK_c000_left_f003696.jpg,73.4,468.1,129.6,512.9,0
20260923_122330_GYCPWK_c000_left_f003846.jpg,799.5,870.1,837.3,918.4,0
20260923_122330_GYCPWK_c000_left_f003906.jpg,35.0,334.7,107.5,404.0,0
20260923_122330_GYCPWK_c000_left_f003936.jpg,797.3,1208.3,859.3,1280.0,0
20260923_122330_GYCPWK_c000_left_f004056.jpg,491.4,1113.0,545.4,1192.4,0
20260923_122330_GYCPWK_c000_left_f004836.jpg,107.6,849.5,209.2,952.6,0
20260923_122330_GYCPWK_c000_left_f004866.jpg,122.3,897.8,170.5,964.5,0
20260923_122330_GYCPWK_c000_left_f004896.jpg,143.6,939.1,245.1,1040.0,0
20260923_122330_GYCPWK_c000_left_f004926.jpg,130.4,937.9,246.3,1049.1,0
20260923_122330_GYCPWK_c000_left_f004956.jpg,234.9,955.1,326.6,1005.1,0
20260923_122330_GYCPWK_c000_right_f001267.jpg,717.3,268.2,748.2,330.5,0
20260923_122330_GYCPWK_c000_right_f005465.jpg,435.6,381.1,463.6,436.5,0
20260923_122330_GYCPWK_c000_right_f005465.jpg,856.6,454.1,887.8,495.6,0
20260923_122330_GYCPWK_c000_right_f005495.jpg,453.9,295.6,481.4,355.7,0
20260923_122330_GYCPWK_c000_right_f005495.jpg,867.8,377.2,905.0,420.6,0
20260923_122330_GYCPWK_c000_right_f005585.jpg,639.1,414.0,679.9,454.4,0
20260923_122330_GYCPWK_c000_right_f005615.jpg,725.5,368.3,765.6,411.6,0
20260923_122330_GYCPWK_c000_right_f005645.jpg,542.4,178.2,575.8,251.1,0
20260923_122330_GYCPWK_c000_right_f005645.jpg,845.0,242.3,892.4,295.2,0
20260923_125039_UHFRXB_c000_left_f002376.jpg,987.9,785.9,1024.0,852.5,0
20260923_125039_UHFRXB_c000_left_f005795.jpg,782.2,731.3,934.0,823.9,0
20260923_125039_UHFRXB_c000_left_f006005.jpg,962.7,795.8,1002.6,830.3,0
20260923_125039_UHFRXB_c000_left_f006065.jpg,872.1,883.3,910.8,918.8,0
20260923_125039_UHFRXB_c000_left_f006545.jpg,709.1,874.0,811.2,953.3,0
20260923_125039_UHFRXB_c000_left_f008344.jpg,956.9,961.4,1006.2,1005.8,0
20260923_125039_UHFRXB_c000_right_f002256.jpg,479.9,250.1,517.6,313.1,0
20260923_125039_UHFRXB_c000_right_f003486.jpg,0.2,317.1,40.3,351.9,0
20260923_125039_UHFRXB_c000_right_f003726.jpg,7.6,424.4,53.9,462.2,0
20260923_125039_UHFRXB_c000_right_f003786.jpg,33.3,365.4,77.3,402.4,0
20260923_125039_UHFRXB_c000_right_f003876.jpg,96.4,303.4,137.3,337.7,0
20260923_125039_UHFRXB_c000_right_f004356.jpg,415.5,79.1,462.8,137.0,0
20260923_125039_UHFRXB_c000_right_f007205.jpg,354.2,144.6,420.5,209.2,0
20260923_125039_UHFRXB_c000_right_f007265.jpg,158.2,399.5,238.4,467.7,0
20260923_125039_UHFRXB_c000_right_f008165.jpg,35.5,281.3,72.2,323.8,0
20260923_125039_UHFRXB_c000_right_f008374.jpg,31.0,285.7,72.9,322.4,0
20260923_125039_UHFRXB_c000_right_f008464.jpg,568.3,480.6,604.4,529.0,0
20260923_125039_UHFRXB_c000_right_f008494.jpg,95.3,432.6,131.5,465.4,0
20260923_125039_UHFRXB_c000_right_f008674.jpg,131.2,392.2,163.6,425.3,0
20260923_125039_UHFRXB_c000_right_f008824.jpg,33.6,343.8,72.2,381.6,0
20260923_125039_UHFRXB_c000_right_f008944.jpg,63.5,377.5,98.8,412.0,0
20260923_125039_UHFRXB_c000_right_f008974.jpg,125.3,332.0,160.1,365.7,0
20260923_125346_RLRJYC_c000_left_f004026.jpg,27.5,21.6,951.0,762.4,0
20260923_125346_RLRJYC_c000_left_f005855.jpg,8.9,1208.4,50.4,1254.9,0
20260923_125346_RLRJYC_c000_left_f008105.jpg,185.4,29.4,221.2,69.2,0
20260923_125346_RLRJYC_c000_left_f008584.jpg,0.0,762.4,671.9,1280.0,0
20260923_125346_RLRJYC_c000_left_f008734.jpg,89.4,975.5,129.0,1034.0,0
20260923_125346_RLRJYC_c001_left_f001477.jpg,20.3,427.0,638.6,1033.2,0
20260923_125346_RLRJYC_c001_left_f005825.jpg,147.9,203.1,590.0,727.3,0
20260923_125346_RLRJYC_c003_left_f005705.jpg,0.0,51.7,93.4,172.3,0
20260923_125346_RLRJYC_c003_right_f005795.jpg,127.7,0.0,561.4,405.0,0
20260923_125346_RLRJYC_c004_left_f007233.jpg,513.9,1074.8,590.2,1148.5,0
20260923_125346_RLRJYC_c004_left_f009032.jpg,765.7,745.6,880.1,830.3,0
20260923_125346_RLRJYC_c004_left_f009062.jpg,759.2,740.6,879.8,830.5,0
20260923_125346_RLRJYC_c004_right_f008164.jpg,450.3,340.4,501.4,426.1,0
20260923_125346_RLRJYC_c004_right_f008194.jpg,501.2,390.1,545.4,463.2,0
20260923_125346_RLRJYC_c004_right_f008374.jpg,418.5,0.0,482.4,68.4,0
20260923_125346_RLRJYC_c004_right_f008404.jpg,422.2,166.4,481.2,273.2,0
20260923_125346_RLRJYC_c004_right_f008614.jpg,281.6,300.9,342.7,379.5,0
20260923_125346_RLRJYC_c004_right_f008644.jpg,309.4,431.7,365.4,502.9,0
20260923_125346_RLRJYC_c005_left_f005345.jpg,0.0,881.7,45.2,966.1,0
20260923_130558_DNQHAL_c000_left_f001747.jpg,585.6,1168.1,620.1,1206.1,0
20260923_130558_DNQHAL_c000_left_f001927.jpg,465.4,993.5,497.3,1020.0,0
20260923_130558_DNQHAL_c000_left_f005196.jpg,451.5,965.8,480.8,993.4,0
20260923_130558_DNQHAL_c000_left_f005196.jpg,516.6,1035.4,547.8,1062.0,0
20260923_130558_DNQHAL_c000_left_f006875.jpg,384.6,1226.9,423.0,1267.2,0
20260923_130558_DNQHAL_c000_left_f008345.jpg,349.3,1192.8,374.8,1227.1,0
20260923_130558_DNQHAL_c000_left_f008375.jpg,435.2,1190.3,469.0,1221.6,0
20260923_130558_DNQHAL_c000_left_f008405.jpg,332.5,1146.2,367.8,1189.9,0
20260923_130558_DNQHAL_c000_left_f008405.jpg,372.9,1166.2,402.3,1215.4,0
20260923_130558_DNQHAL_c000_left_f008435.jpg,318.8,1129.5,355.5,1171.1,0
20260923_130558_DNQHAL_c000_left_f008435.jpg,354.0,1152.3,387.1,1190.1,0
20260923_130558_DNQHAL_c000_left_f008554.jpg,534.9,1106.4,566.8,1134.3,0
20260923_130558_DNQHAL_c000_left_f008554.jpg,556.9,1140.2,590.6,1178.1,0
20260923_130558_DNQHAL_c000_right_f001956.jpg,455.4,494.7,493.0,530.6,0
20260923_130558_DNQHAL_c000_right_f002016.jpg,631.6,502.9,659.8,532.2,0
20260923_130558_DNQHAL_c000_right_f002046.jpg,605.9,569.7,628.5,593.0,0
20260923_130558_DNQHAL_c000_right_f002466.jpg,806.1,464.9,834.2,492.4,0
20260923_130558_DNQHAL_c000_right_f004536.jpg,498.9,503.0,517.4,524.8,0
20260923_130558_DNQHAL_c000_right_f006575.jpg,381.6,112.6,407.6,150.1,0
20260923_130558_DNQHAL_c001_left_f006815.jpg,319.2,939.8,365.5,990.5,0
20260923_130558_DNQHAL_c001_left_f006815.jpg,397.6,995.6,442.4,1027.6,0
20260923_130558_DNQHAL_c001_left_f007235.jpg,341.0,961.9,381.3,994.3,0
20260923_130558_DNQHAL_c001_left_f007595.jpg,356.5,948.9,401.4,984.7,0
20260923_130558_DNQHAL_c001_left_f008344.jpg,415.5,1101.6,487.1,1207.8,0
20260923_130558_DNQHAL_c001_left_f008524.jpg,383.8,1194.2,424.9,1278.0,0
20260923_130558_DNQHAL_c001_left_f009034.jpg,883.8,593.4,937.1,640.0,0
20260923_130558_DNQHAL_c001_right_f007295.jpg,743.1,484.9,771.5,517.2,0
20260923_130558_DNQHAL_c001_right_f007325.jpg,855.4,564.9,888.5,597.5,0
20260923_130558_DNQHAL_c001_right_f008015.jpg,443.2,624.9,494.4,657.5,0
20260923_130558_DNQHAL_c001_right_f008284.jpg,873.4,547.5,909.7,592.9,0
20260923_130558_DNQHAL_c001_right_f008644.jpg,798.2,561.7,831.9,597.2,0
20260923_130558_DNQHAL_c001_right_f008674.jpg,798.2,542.8,826.3,584.7,0
20260923_130558_DNQHAL_c001_right_f010294.jpg,404.9,601.0,444.8,620.4,0
20260923_130558_DNQHAL_c002_left_f004416.jpg,441.9,1018.8,475.0,1046.4,0
20260923_130558_DNQHAL_c002_left_f005015.jpg,781.5,1146.8,812.9,1185.7,0
20260923_130558_DNQHAL_c002_left_f005345.jpg,531.7,1163.5,568.3,1195.4,0
20260923_130558_DNQHAL_c002_left_f006395.jpg,493.0,1082.0,532.8,1116.9,0
20260923_130558_DNQHAL_c002_left_f006425.jpg,567.2,1146.4,604.1,1180.8,0
20260923_130558_DNQHAL_c002_left_f007745.jpg,397.1,1179.8,445.8,1215.7,0
20260923_130558_DNQHAL_c002_left_f008524.jpg,978.9,954.1,1013.5,985.9,0
20260923_130558_DNQHAL_c002_left_f008673.jpg,755.7,782.5,775.8,809.1,0
20260923_130558_DNQHAL_c002_left_f008733.jpg,740.2,505.1,764.1,528.8,0
20260923_130558_DNQHAL_c002_left_f008763.jpg,759.8,529.5,784.0,560.3,0
20260923_130558_DNQHAL_c002_left_f008853.jpg,732.8,543.9,754.7,570.5,0
20260923_130558_DNQHAL_c002_right_f000307.jpg,140.1,370.7,175.8,401.5,0
20260923_130558_DNQHAL_c002_right_f002676.jpg,485.3,412.2,504.4,435.1,0
20260923_130558_DNQHAL_c002_right_f004356.jpg,785.1,529.0,806.1,554.2,0
20260923_130558_DNQHAL_c002_right_f004956.jpg,381.2,25.2,410.4,61.1,0
20260923_130558_DNQHAL_c002_right_f004956.jpg,448.4,59.1,478.0,101.1,0
20260923_130558_DNQHAL_c002_right_f004985.jpg,376.1,91.5,407.7,130.7,0
20260923_130558_DNQHAL_c002_right_f004985.jpg,449.7,122.0,479.5,159.2,0
20260923_130558_DNQHAL_c002_right_f006635.jpg,464.8,514.0,499.5,553.2,0
20260923_130558_DNQHAL_c002_right_f006965.jpg,708.9,553.2,729.8,576.3,0
20260923_130558_DNQHAL_c002_right_f007025.jpg,512.5,52.5,540.0,93.7,0
20260923_130558_DNQHAL_c002_right_f007655.jpg,455.7,533.0,482.7,560.1,0
20260923_130558_DNQHAL_c002_right_f007805.jpg,545.4,470.1,573.0,497.3,0
20260923_130558_DNQHAL_c002_right_f007925.jpg,647.5,521.7,680.6,563.8,0
20260923_130558_DNQHAL_c002_right_f007955.jpg,626.2,493.3,662.6,537.1,0
20260923_131944_ANQLHK_c000_left_f001147.jpg,992.8,810.8,1024.0,852.2,0
20260923_131944_ANQLHK_c000_left_f001207.jpg,951.3,907.4,1008.2,972.0,0
20260923_131944_ANQLHK_c000_right_f001147.jpg,663.7,565.8,686.9,589.6,0
20260923_131944_ANQLHK_c000_right_f001237.jpg,415.9,631.4,443.6,674.6,0
20260923_131944_ANQLHK_c000_right_f003696.jpg,539.0,423.4,574.5,464.6,0
20260923_132656_FSKCBQ_c000_left_f000667.jpg,39.4,701.7,100.7,762.0,0
20260923_132656_FSKCBQ_c000_left_f002166.jpg,404.2,1068.8,427.9,1096.3,0
20260923_132656_FSKCBQ_c000_left_f002406.jpg,189.8,1017.9,223.7,1069.1,0
