s,used,batch,view
0,false,,vst_left
1,false,,vst_left
2,false,,vst_left
3,true,1,vst_left
4,false,,vst_left
5,false,,vst_left
6,false,,vst_left
7,true,1,vst_left
8,false,,vst_left
9,true,1,vst_left
10,false,,vst_left
11,false,,vst_left
12,false,,vst_left
13,false,,vst_left
14,false,,vst_left
15,false,,vst_left
16,false,,vst_left
17,false,,vst_left
18,false,,vst_left
19,false,,vst_left
20,false,,vst_left
21,false,,vst_left
22,true,5,vst_left
23,false,,vst_left
24,false,,vst_left
25,false,,vst_left
26,false,,vst_left
27,false,,vst_left
28,false,,vst_left
29,false,,vst_left
30,false,,vst_left
31,false,,vst_left
32,false,,vst_left
33,false,,vst_left
34,false,,vst_left
35,false,,vst_left
36,false,,vst_left
37,false,,vst_left
38,false,,vst_left
39,false,,vst_left
40,false,,vst_left
41,false,,vst_left
42,false,,vst_left
43,false,,vst_left
44,false,,vst_left
45,false,,vst_left
46,false,,vst_left
47,false,,vst_left
48,false,,vst_left
49,false,,vst_left
50,false,,vst_left
51,false,,vst_left
52,true,5,vst_left
53,false,,vst_left
54,false,,vst_left
55,false,,vst_left
56,false,,vst_left
57,false,,vst_left
58,false,,vst_left
59,false,,vst_left
60,true,2,vst_left
61,false,,vst_left
62,false,,vst_left
63,false,,vst_left
64,false,,vst_left
65,false,,vst_left
66,false,,vst_left
67,false,,vst_left
68,false,,vst_left
69,false,,vst_left
70,false,,vst_left
71,false,,vst_left
72,false,,vst_left
73,false,,vst_left
74,false,,vst_left
75,false,,vst_left
76,false,,vst_left
77,false,,vst_left
78,false,,vst_left
79,false,,vst_left
80,false,,vst_left
81,false,,vst_left
82,true,5,vst_left
83,false,,vst_left
84,false,,vst_left
85,false,,vst_left
86,false,,vst_left
87,false,,vst_left
88,false,,vst_left
89,false,,vst_left
90,false,,vst_left
91,false,,vst_left
92,false,,vst_left
93,false,,vst_left
94,false,,vst_left
95,false,,vst_left
96,false,,vst_left
97,false,,vst_left
98,false,,vst_left
99,false,,vst_left
100,false,,vst_left
101,false,,vst_left
102,false,,vst_left
103,false,,vst_left
104,false,,vst_left
105,false,,vst_left
106,false,,vst_left
107,false,,vst_left
108,false,,vst_left
109,false,,vst_left
110,false,,vst_left
111,false,,vst_left
112,true,5,vst_left
113,false,,vst_left
114,false,,vst_left
115,false,,vst_left
116,false,,vst_left
117,false,,vst_left
118,false,,vst_left
119,false,,vst_left
120,true,2,vst_left
121,false,,vst_left
122,false,,vst_left
123,false,,vst_left
124,false,,vst_left
125,false,,vst_left
126,false,,vst_left
127,false,,vst_left
128,false,,vst_left
129,false,,vst_left
130,false,,vst_left
131,false,,vst_left
132,false,,vst_left
133,false,,vst_left
134,false,,vst_left
135,false,,vst_left
136,false,,vst_left
137,false,,vst_left
138,false,,vst_left
139,false,,vst_left
140,false,,vst_left
141,false,,vst_left
142,true,5,vst_left
143,false,,vst_left
144,false,,vst_left
145,false,,vst_left
146,false,,vst_left
147,false,,vst_left
148,false,,vst_left
149,false,,vst_left
150,false,,vst_left
151,false,,vst_left
152,false,,vst_left
153,false,,vst_left
154,false,,vst_left
155,false,,vst_left
156,false,,vst_left
157,false,,vst_left
158,false,,vst_left
159,false,,vst_left
160,false,,vst_left
161,false,,vst_left
162,false,,vst_left
163,false,,vst_left
164,false,,vst_left
165,false,,vst_left
166,false,,vst_left
167,false,,vst_left
168,false,,vst_left
169,false,,vst_left
170,false,,vst_left
171,false,,vst_left
172,true,5,vst_left
173,false,,vst_left
174,false,,vst_left
175,false,,vst_left
176,false,,vst_left
177,false,,vst_left
178,false,,vst_left
179,false,,vst_left
180,true,2,vst_left
181,false,,vst_left
182,false,,vst_left
183,false,,vst_left
184,false,,vst_left
185,false,,vst_left
186,false,,vst_left
187,false,,vst_left
188,false,,vst_left
189,false,,vst_left
190,false,,vst_left
191,false,,vst_left
192,false,,vst_left
193,false,,vst_left
194,false,,vst_left
195,false,,vst_left
196,false,,vst_left
197,false,,vst_left
198,false,,vst_left
199,false,,vst_left
200,false,,vst_left
201,false,,vst_left
202,false,,vst_left
203,false,,vst_left
204,false,,vst_left
205,false,,vst_left
206,false,,vst_left
207,false,,vst_left
208,false,,vst_left
209,false,,vst_left
210,false,,vst_left
211,false,,vst_left
212,false,,vst_left
213,false,,vst_left
214,false,,vst_left
215,false,,vst_left
216,false,,vst_left
217,false,,vst_left
218,false,,vst_left
219,false,,vst_left
220,false,,vst_left
221,false,,vst_left
222,false,,vst_left
223,false,,vst_left
224,false,,vst_left
225,false,,vst_left
226,false,,vst_left
227,false,,vst_left
228,false,,vst_left
229,false,,vst_left
230,false,,vst_left
231,false,,vst_left
232,false,,vst_left
233,false,,vst_left
234,false,,vst_left
235,false,,vst_left
236,false,,vst_left
237,false,,vst_left
238,false,,vst_left
239,false,,vst_left
30,true,3,vst_right
90,true,3,vst_right
150,true,3,vst_right
210,true,3,vst_right
135,true,3,vst_right
225,true,3,vst_right
15,true,4,vst_right
45,true,4,vst_right
75,true,4,vst_right
105,true,4,vst_right
165,true,4,vst_right
195,true,4,vst_right
