dst_rel	src	size	md5	oss_key
exports/verdict/all_rounds.csv.gz		66051808	28cac7b2df65d08b99e3bfd0baf354f9	pii/exports/verdict/all_rounds.csv.gz
exports/verdict/face-mine-right/prelabels.csv		21072926	24350c5e11e969211f39c85b6f18e551	pii/exports/verdict/face-mine-right/prelabels.csv
exports/verdict/face-mine-right/round_0.csv		25962371	dcb50dc44bebe737017350ef01ea92e4	pii/exports/verdict/face-mine-right/round_0.csv
exports/verdict/face-mine-right/round_0_orphans.csv		382	19b24ee886259b127d49ec59f0d0c385	pii/exports/verdict/face-mine-right/round_0_orphans.csv
exports/verdict/face-mine-right/round_1.csv		2495397	676e002c68b491bf46d0dff248364f0c	pii/exports/verdict/face-mine-right/round_1.csv
exports/verdict/face-mine-v2-left/prelabels.csv		21494403	d37939ef8c5de9dbec51f4129712841f	pii/exports/verdict/face-mine-v2-left/prelabels.csv
exports/verdict/face-mine-v2-left/round_0.csv		23189451	eb2d25b5ac18c8929a49b3dc37f05817	pii/exports/verdict/face-mine-v2-left/round_0.csv
exports/verdict/face-mine-v2-left/round_1.csv		23144463	5df570654f89e976e1930a0f7352ab40	pii/exports/verdict/face-mine-v2-left/round_1.csv
exports/verdict/face-mine-v2-right/prelabels.csv		19591467	95a4ea84be2f29b0cc464dfdd8468a4e	pii/exports/verdict/face-mine-v2-right/prelabels.csv
exports/verdict/face-mine-v2-right/round_0.csv		21336787	74bcd5137e954127c58a519e84bbb79c	pii/exports/verdict/face-mine-v2-right/round_0.csv
exports/verdict/face-mine-v2-right/round_1.csv		16234736	676909420e1edb335eded604ee8aba1b	pii/exports/verdict/face-mine-v2-right/round_1.csv
exports/verdict/face-mine-v2/prelabels.csv		1514291	39c28bc09ba02c49a9c179d99c7bce40	pii/exports/verdict/face-mine-v2/prelabels.csv
exports/verdict/face-mine-v2/round_0.csv		1701915	7899153d672d62ea63132711a8e5a8c2	pii/exports/verdict/face-mine-v2/round_0.csv
exports/verdict/face-mine-v2/round_1.csv		179419	009c2c5b2035a54410f6d2d071c897ea	pii/exports/verdict/face-mine-v2/round_1.csv
exports/verdict/face-mine/prelabels.csv		20910916	9f46b17d8a2fe04c00eca90c52be30b7	pii/exports/verdict/face-mine/prelabels.csv
exports/verdict/face-mine/round_0.csv		24028345	42cda237377cc747ac6a9b98b07aeab4	pii/exports/verdict/face-mine/round_0.csv
exports/verdict/face-mine/round_1.csv		1664365	cdb485043ae17d3e3ec1374f819a89ca	pii/exports/verdict/face-mine/round_1.csv
exports/verdict/face10k-repair/prelabels.csv		190766	fe4578255f0b98e31cf5caedb3a1090a	pii/exports/verdict/face10k-repair/prelabels.csv
exports/verdict/face10k-repair/round_0.csv		270847	90dc14aa3748acc4da7e4c82f77c66f2	pii/exports/verdict/face10k-repair/round_0.csv
exports/verdict/face10k/prelabels.csv		3951213	892b7eaf80f08f715abdc8c437baacdd	pii/exports/verdict/face10k/prelabels.csv
exports/verdict/face10k/round_0.csv		4672833	0989029d965ef2106e6458f2f24f75ef	pii/exports/verdict/face10k/round_0.csv
exports/verdict/face10k/round_1.csv		770174	91e6bbfaf6b9820cdc73846e8e68c8e7	pii/exports/verdict/face10k/round_1.csv
exports/verdict/faceback-45-HQ-eval-left/prelabels.csv		3104219	6d831ab51afa1d2de9136cee706229cd	pii/exports/verdict/faceback-45-HQ-eval-left/prelabels.csv
exports/verdict/faceback-45-HQ-eval-left/round_0.csv		3703622	28bc25bcedc3844a033c72bbd53ed123	pii/exports/verdict/faceback-45-HQ-eval-left/round_0.csv
exports/verdict/faceback-45-HQ-eval-left/round_1.csv		3703022	70895733bed8c16d26f07830a6c18425	pii/exports/verdict/faceback-45-HQ-eval-left/round_1.csv
exports/verdict/faceback-45-HQ-eval-left/round_2.csv		1736650	45ae93f61eb58cc9d28884dc7add29f3	pii/exports/verdict/faceback-45-HQ-eval-left/round_2.csv
exports/verdict/faceback-45-HQ-eval-right/prelabels.csv		3101163	3e65de8122b9867e1d3094ebc682b5f9	pii/exports/verdict/faceback-45-HQ-eval-right/prelabels.csv
exports/verdict/faceback-45-HQ-eval-right/round_0.csv		3738934	519e5a996c67b83ed751bf17b59f452c	pii/exports/verdict/faceback-45-HQ-eval-right/round_0.csv
exports/verdict/faceback-45-HQ-eval-right/round_1.csv		3208494	6be7a8313ec30759d5c840b4206a7b54	pii/exports/verdict/faceback-45-HQ-eval-right/round_1.csv
exports/verdict/faceback-45-HQ-eval-right/round_2.csv		1284730	c0c1ed8ba2e941444edabac7481bfe1e	pii/exports/verdict/faceback-45-HQ-eval-right/round_2.csv
exports/verdict/faceback-45-left/prelabels.csv		13840379	460ae5dc10cc3b4133218c1425963239	pii/exports/verdict/faceback-45-left/prelabels.csv
exports/verdict/faceback-45-left/round_0.csv		16971310	06defdfc84ff510a5e9956300dfa2f60	pii/exports/verdict/faceback-45-left/round_0.csv
exports/verdict/faceback-45-left/round_1.csv		1559590	c5e263466e74d3d0c3227e02655650f9	pii/exports/verdict/faceback-45-left/round_1.csv
exports/verdict/faceback-45-right/prelabels.csv		13997582	3cb30f46023daab577f811409808c95c	pii/exports/verdict/faceback-45-right/prelabels.csv
exports/verdict/faceback-45-right/round_0.csv		17057537	248a4721a7c648c71ede9e62bcf7f6f8	pii/exports/verdict/faceback-45-right/round_0.csv
exports/verdict/faceback-45-right/round_1.csv		1584855	92caff30d59be2cfc1c9a4b6c98329e9	pii/exports/verdict/faceback-45-right/round_1.csv
exports/verdict/faceback_hq_2-left/prelabels.csv		1015068	fc2a690c62b4ebcb06dfb9993b0115c8	pii/exports/verdict/faceback_hq_2-left/prelabels.csv
exports/verdict/faceback_hq_2-left/round_0.csv		1074770	03fa44a6665fadbdea99dc5e525a1777	pii/exports/verdict/faceback_hq_2-left/round_0.csv
exports/verdict/faceback_hq_2-left/round_1.csv		1074557	a7eb3e9eb1cc0ab24a159dcf6eca7ec4	pii/exports/verdict/faceback_hq_2-left/round_1.csv
exports/verdict/faceback_hq_2-left/round_2.csv		1076680	ef24e09eb4239b63b42527652bf24de6	pii/exports/verdict/faceback_hq_2-left/round_2.csv
exports/verdict/faceback_hq_2-right/prelabels.csv		947884	240265e0f0b5e286542217e4e3087d6d	pii/exports/verdict/faceback_hq_2-right/prelabels.csv
exports/verdict/faceback_hq_2-right/round_0.csv		1027867	b2fa24e136622767dc0f62cb91d8a57d	pii/exports/verdict/faceback_hq_2-right/round_0.csv
exports/verdict/faceback_hq_2-right/round_1.csv		1027315	1805a5a11ed11bf4c63fe771c774c83c	pii/exports/verdict/faceback_hq_2-right/round_1.csv
exports/verdict/faceback_hq_2-right/round_2.csv		1021613	a728b173ff92bfe256811444e43f0ede	pii/exports/verdict/faceback_hq_2-right/round_2.csv
exports/verdict/faceback_hq_rec-left/prelabels.csv		1924170	4fbe533244908ce783394e83624a4644	pii/exports/verdict/faceback_hq_rec-left/prelabels.csv
exports/verdict/faceback_hq_rec-left/round_0.csv		1969758	3ae5b18ecf7346191176b7ca2df575b0	pii/exports/verdict/faceback_hq_rec-left/round_0.csv
exports/verdict/faceback_hq_rec-left/round_1.csv		929969	62faf1bb865895dc4e7ed447bb7b572e	pii/exports/verdict/faceback_hq_rec-left/round_1.csv
exports/verdict/faceback_hq_rec-left/round_2.csv		461393	299bf14b693dd5b2b56b998b0450f743	pii/exports/verdict/faceback_hq_rec-left/round_2.csv
exports/verdict/faceback_hq_rec-right/prelabels.csv		1944518	4df9d0858770ea70a546ca5433fda9e2	pii/exports/verdict/faceback_hq_rec-right/prelabels.csv
exports/verdict/faceback_hq_rec-right/round_0.csv		1972869	fa311b2d46fbdcfa17dfaa359d745200	pii/exports/verdict/faceback_hq_rec-right/round_0.csv
exports/verdict/faceback_hq_rec-right/round_1.csv		1002261	08a96366affdcfb0c95d23e3e058e46c	pii/exports/verdict/faceback_hq_rec-right/round_1.csv
exports/verdict/faceback_hq_rec-right/round_2.csv		508452	6bbb0a070bf6f37c783221c26fd77bf1	pii/exports/verdict/faceback_hq_rec-right/round_2.csv
exports/verdict/faceback_rec_2-left/prelabels.csv		1383020	d9c284b73e8f8e66c83145e0e178c61a	pii/exports/verdict/faceback_rec_2-left/prelabels.csv
exports/verdict/faceback_rec_2-left/round_0.csv		1473911	06cdb2cc01a34be44ffa6dec5294dedf	pii/exports/verdict/faceback_rec_2-left/round_0.csv
exports/verdict/faceback_rec_2-left/round_1.csv		1453916	5f3d27429aa0f4dce5f901b955de2807	pii/exports/verdict/faceback_rec_2-left/round_1.csv
exports/verdict/faceback_rec_2-right/prelabels.csv		1420069	9e765172f11c3a2167de5b927a04bd00	pii/exports/verdict/faceback_rec_2-right/prelabels.csv
exports/verdict/faceback_rec_2-right/round_0.csv		1513307	3f2a60bbca98eed0abcc4218f008ac9b	pii/exports/verdict/faceback_rec_2-right/round_0.csv
exports/verdict/faceback_rec_2-right/round_1.csv		1496199	2bb9133f14cd3cced2086e0df53a179f	pii/exports/verdict/faceback_rec_2-right/round_1.csv
exports/verdict/facedub_0b_right/prelabels.csv		27341116	9e2a2b0d18111bf83f45498743cc6622	pii/exports/verdict/facedub_0b_right/prelabels.csv
exports/verdict/facedub_0b_right/round_0.csv		1036506	865766c38c34791cf92fe8227091d2d3	pii/exports/verdict/facedub_0b_right/round_0.csv
exports/verdict/facedub_a_left/prelabels.csv		5054695	48b33539fa90fa5bc8c5c306a2878ff3	pii/exports/verdict/facedub_a_left/prelabels.csv
exports/verdict/facedub_a_left/round_0.csv		6753392	f73ed364828112564529dba0c8c6352c	pii/exports/verdict/facedub_a_left/round_0.csv
exports/verdict/facedub_a_left/round_1.csv		6734431	0b68e1838d576952226b77e8f75b004d	pii/exports/verdict/facedub_a_left/round_1.csv
exports/verdict/facedub_a_left/round_2.csv		669119	15d42acc90f3246922fcd808cf4d975a	pii/exports/verdict/facedub_a_left/round_2.csv
exports/verdict/facedub_a_left_rec/prelabels.csv		1375406	f88cc87a7b2219f03935e10223ec4132	pii/exports/verdict/facedub_a_left_rec/prelabels.csv
exports/verdict/facedub_a_left_rec/round_0.csv		1428147	c221d8b56617308876ac33653ab3d819	pii/exports/verdict/facedub_a_left_rec/round_0.csv
exports/verdict/facedub_a_left_rec/round_1.csv		1328245	566884bba2901bbe455ebb73fd6e3ed0	pii/exports/verdict/facedub_a_left_rec/round_1.csv
exports/verdict/facedub_a_right/prelabels.csv		5771646	0ac9d690bae1bf37bd125b6981c1a585	pii/exports/verdict/facedub_a_right/prelabels.csv
exports/verdict/facedub_a_right/round_0.csv		7442455	dc9f5bf82750c3eb33ff1657cbe6285b	pii/exports/verdict/facedub_a_right/round_0.csv
exports/verdict/facedub_a_right/round_1.csv		7484194	6e591db8512633ee4af0125623f2fd01	pii/exports/verdict/facedub_a_right/round_1.csv
exports/verdict/facedub_a_right_rec/prelabels.csv		2602757	9a57d313b787238aa7aaec43b6a43455	pii/exports/verdict/facedub_a_right_rec/prelabels.csv
exports/verdict/facedub_a_right_rec/round_0.csv		2266900	f8cd070bcee836c63c18c87ea9635ce5	pii/exports/verdict/facedub_a_right_rec/round_0.csv
exports/verdict/facedub_a_right_rec/round_1.csv		1701667	f3d3d5897dd80cc8dcdab290e4f72021	pii/exports/verdict/facedub_a_right_rec/round_1.csv
exports/verdict/faceight/prelabels.csv		13738726	4f1959d7934e9ef5629412591b3bee2c	pii/exports/verdict/faceight/prelabels.csv
exports/verdict/faceight/round_0.csv		16941366	e3350baf28e07aeb61b3fcc08e1d0909	pii/exports/verdict/faceight/round_0.csv
exports/verdict/faceight/round_1.csv		7707143	eacac13c2c24fd9bfb7f6dd59465b1bb	pii/exports/verdict/faceight/round_1.csv
exports/verdict/faceight_b/prelabels.csv		19423384	4bdb6c5887ed6e7fac78d1bc4a5f62c9	pii/exports/verdict/faceight_b/prelabels.csv
exports/verdict/faceight_b/round_0.csv		22545043	e5e0044aea198c43c7124de3f4403441	pii/exports/verdict/faceight_b/round_0.csv
exports/verdict/faceight_b/round_1.csv		8792834	d3012bd3cad58d28acb8cb5f8eec0f95	pii/exports/verdict/faceight_b/round_1.csv
exports/verdict/faceight_b_v2/prelabels.csv		3862007	233246362028bf299dca07b17a0de367	pii/exports/verdict/faceight_b_v2/prelabels.csv
exports/verdict/faceight_b_v2/round_0.csv		3660693	2a67d091022300959a0b29a18d9a7cc4	pii/exports/verdict/faceight_b_v2/round_0.csv
exports/verdict/faceight_b_v2/round_1.csv		3675653	f1573abbcb43214f33bc3358c4c13a3f	pii/exports/verdict/faceight_b_v2/round_1.csv
exports/verdict/faceight_b_v2/round_2.csv		3677157	2a6676752b5f2c3ab22de72da05c114b	pii/exports/verdict/faceight_b_v2/round_2.csv
exports/verdict/faceight_c/prelabels.csv		13027253	2be76260a92a5bee2b95bf4c52d4cc14	pii/exports/verdict/faceight_c/prelabels.csv
exports/verdict/faceight_c/round_0.csv		14385430	28ac8158c1b405962eba2f60dee36fd1	pii/exports/verdict/faceight_c/round_0.csv
exports/verdict/faceight_c/round_1.csv		14094637	85f94241e5cf154ed0492161d186b20b	pii/exports/verdict/faceight_c/round_1.csv
exports/verdict/faceight_c_v2/prelabels.csv		4038653	25af6d49e1a533dd92cf80eaaa02f900	pii/exports/verdict/faceight_c_v2/prelabels.csv
exports/verdict/faceight_c_v2/round_0.csv		4291403	11704c37d7e309f8cdf14baaf617adea	pii/exports/verdict/faceight_c_v2/round_0.csv
exports/verdict/faceight_c_v2/round_1.csv		4208869	6775a0815330c43c3f2ee0600483d4f9	pii/exports/verdict/faceight_c_v2/round_1.csv
exports/verdict/faceight_c_v2/round_2.csv		4191658	c96edd4622cbfb74c2a2863ffa819145	pii/exports/verdict/faceight_c_v2/round_2.csv
